"","osmid","lat","lon","id","missing_neighbors","downtown","demand","supply"
"1",42421728,40.7980478,-73.9600437,1,FALSE,FALSE,0,0
"2",42421731,40.7986542,-73.9614745,2,FALSE,FALSE,0,0
"3",42421737,40.7992437,-73.9628734,3,FALSE,FALSE,0,0
"4",42421741,40.8004295,-73.9656909,4,FALSE,FALSE,0,0
"5",42421745,40.8013981,-73.9679955,5,FALSE,FALSE,0,0
"6",42421749,40.8016452,-73.9685741,6,FALSE,FALSE,0,0
"7",42421751,40.8022679,-73.9700504,7,FALSE,FALSE,0,0
"8",42421769,40.7826383,-73.9750067,8,FALSE,FALSE,0,0
"9",42421772,40.783828,-73.9778254,9,FALSE,FALSE,0,0
"10",42421775,40.7845691,-73.9795827,10,FALSE,FALSE,0,0
"11",42421776,40.7850352,-73.9806732,11,FALSE,FALSE,0,0
"12",42421778,40.7855915,-73.9820041,12,FALSE,FALSE,0,0
"13",42421783,40.8593291,-73.9313239,13,FALSE,FALSE,0,0
"14",42421785,40.858744,-73.930122,14,FALSE,FALSE,0,0
"15",42421786,40.859012,-73.927625,15,FALSE,FALSE,0,0
"16",42421791,40.859944,-73.926786,16,FALSE,FALSE,0,0
"17",42421800,40.7839869,-73.9703125,17,FALSE,FALSE,0,0
"18",42421803,40.7851818,-73.9731496,18,FALSE,FALSE,0,0
"19",42421806,40.7863627,-73.9759753,19,FALSE,FALSE,0,0
"20",42421809,40.7870877,-73.9776927,20,FALSE,FALSE,0,0
"21",42421810,40.7875711,-73.9788225,21,FALSE,FALSE,0,0
"22",42421820,40.788486,-73.9810702,22,FALSE,FALSE,0,0
"23",42421828,40.725326,-73.976212,23,FALSE,TRUE,0,0
"24",42421852,40.8126219,-73.9568234,24,FALSE,FALSE,0,0
"25",42421857,40.8138307,-73.9598214,25,FALSE,FALSE,0,0
"26",42421865,40.814184,-73.9606929,26,FALSE,FALSE,0,0
"27",42421877,40.7328569,-73.9959291,27,FALSE,TRUE,0,0
"28",42421889,40.7341463,-73.9991816,28,FALSE,TRUE,0,0
"29",42421941,40.7042693,-74.0087265,29,FALSE,TRUE,0,0
"30",42421946,40.7038639,-74.008386,30,FALSE,TRUE,0,0
"31",42421951,40.7033264,-74.0077746,31,FALSE,TRUE,0,0
"32",42421960,40.7041084,-74.0089696,32,FALSE,TRUE,0,0
"33",42421965,40.7032048,-74.0079952,33,FALSE,TRUE,0,0
"34",42421969,40.7692956,-73.9810586,34,FALSE,TRUE,0,0
"35",42421972,40.7697925,-73.982236,35,FALSE,TRUE,0,0
"36",42421974,40.7704797,-73.9838597,36,FALSE,TRUE,0,0
"37",42421982,40.7716605,-73.986677,37,FALSE,TRUE,0,0
"38",42421985,40.7728633,-73.9895402,38,FALSE,TRUE,0,0
"39",42421993,40.787235,-73.9679404,39,FALSE,FALSE,0,0
"40",42421996,40.7884325,-73.9707862,40,FALSE,FALSE,0,0
"41",42422000,40.7896131,-73.9736025,41,FALSE,FALSE,0,0
"42",42422006,40.7902583,-73.9751294,42,FALSE,FALSE,0,0
"43",42422016,40.7908218,-73.9764487,43,FALSE,FALSE,0,0
"44",42422018,40.7917878,-73.978619,44,FALSE,FALSE,0,0
"45",42422026,40.7115841,-74.0157844,45,FALSE,TRUE,0,0
"46",42422028,40.7110047,-74.0143969,46,FALSE,TRUE,0,0
"47",42422038,40.7096669,-74.0116583,47,FALSE,TRUE,0,0
"48",42422042,40.7091731,-74.0105706,48,FALSE,TRUE,0,0
"49",42422050,40.7086249,-74.0093797,49,FALSE,TRUE,0,0
"50",42422053,40.7077288,-74.0082757,50,FALSE,TRUE,0,0
"51",42422086,40.8016439,-73.9333873,51,FALSE,FALSE,0,0
"52",42422110,40.8021471,-73.9337706,52,FALSE,FALSE,0,0
"53",42422168,40.8021545,-73.9328935,53,FALSE,FALSE,0,0
"54",42422258,40.748197,-74.00742,54,FALSE,TRUE,0,0
"55",42422270,40.7062566,-74.0027542,55,FALSE,TRUE,0,0
"56",42422283,40.7094916,-74.001657,56,FALSE,TRUE,0,0
"57",42422399,40.7879993,-73.9827522,57,TRUE,FALSE,0,0
"58",42422449,40.8007075,-73.9311515,58,FALSE,FALSE,0,0
"59",42422509,40.7381466,-73.9736517,59,FALSE,TRUE,0,0
"60",42422592,40.7849764,-73.9826519,60,FALSE,FALSE,0,0
"61",42422899,40.7456883,-73.9721236,61,FALSE,TRUE,0,0
"62",42423020,40.7460792,-73.9749383,62,FALSE,TRUE,0,0
"63",42423039,40.7163982,-73.9757407,63,FALSE,TRUE,0,0
"64",42423051,40.718847,-73.9748036,64,FALSE,TRUE,0,0
"65",42423070,40.7835314,-73.9853322,65,FALSE,FALSE,0,0
"66",42423101,40.8442415,-73.9337078,66,FALSE,FALSE,0,0
"67",42423116,40.846152,-73.932313,67,FALSE,FALSE,0,0
"68",42423170,40.8026802,-73.9326159,68,FALSE,FALSE,0,0
"69",42423189,40.8033683,-73.9329255,69,FALSE,FALSE,0,0
"70",42423203,40.802694,-73.9334099,70,FALSE,FALSE,0,0
"71",42423295,40.7132542,-73.9775923,71,FALSE,TRUE,0,0
"72",42423296,40.7124667,-73.9777769,72,FALSE,TRUE,0,0
"73",42423307,40.71075,-73.9814926,73,TRUE,TRUE,0,0
"74",42423456,40.7237914,-74.006113,74,FALSE,TRUE,0,0
"75",42423514,40.724504,-74.007029,75,TRUE,TRUE,0,0
"76",42423549,40.721087,-73.9747151,76,FALSE,TRUE,0,0
"77",42423564,40.7589831,-73.9645095,77,FALSE,TRUE,0,0
"78",42423565,40.7596426,-73.9640002,78,FALSE,TRUE,0,0
"79",42423579,40.7595738,-73.960551,79,FALSE,FALSE,0,0
"80",42423674,40.766876,-73.979076,80,FALSE,TRUE,0,0
"81",42423752,40.7620775,-73.9619964,81,FALSE,FALSE,0,0
"82",42423774,40.738339,-73.9738156,82,FALSE,TRUE,0,0
"83",42423832,40.7587817,-73.998505,83,FALSE,TRUE,0,0
"84",42423836,40.7593876,-73.9969538,84,FALSE,TRUE,0,0
"85",42423847,40.7588687,-73.9992001,85,TRUE,TRUE,0,0
"86",42423885,40.7577433,-73.9968456,86,FALSE,TRUE,0,0
"87",42424025,40.7828748,-73.9437833,87,FALSE,FALSE,0,0
"88",42424032,40.780311,-73.9856862,88,FALSE,FALSE,0,0
"89",42424089,40.7606212,-73.9643559,89,FALSE,TRUE,0,0
"90",42424117,40.7944866,-73.9318124,90,FALSE,FALSE,0,0
"91",42424133,40.793757,-73.9322765,91,TRUE,FALSE,0,0
"92",42424142,40.769641,-73.9484005,92,FALSE,FALSE,0,0
"93",42424145,40.7687032,-73.9491341,93,FALSE,FALSE,0,0
"94",42424218,40.7693848,-73.9950304,94,FALSE,TRUE,0,85
"95",42424225,40.7794865,-73.9735934,95,FALSE,FALSE,0,0
"96",42424235,40.8171783,-73.9344659,96,FALSE,FALSE,0,0
"97",42424258,40.7217241,-74.0067668,97,FALSE,TRUE,0,0
"98",42424334,40.7211998,-74.0079995,98,FALSE,TRUE,0,0
"99",42424347,40.7209099,-74.0078146,99,FALSE,TRUE,0,0
"100",42424354,40.7208183,-74.0075453,100,FALSE,TRUE,0,0
"101",42424408,40.7219848,-74.0082309,101,FALSE,TRUE,0,0
"102",42424439,40.7916758,-73.964694,102,FALSE,FALSE,0,0
"103",42424531,40.8295918,-73.9352393,103,FALSE,FALSE,0,0
"104",42424551,40.8305218,-73.9355839,104,FALSE,FALSE,0,0
"105",42424576,40.8304127,-73.9363638,105,FALSE,FALSE,0,0
"106",42424610,40.7206456,-74.008466,106,FALSE,TRUE,0,0
"107",42424619,40.7237633,-74.007929,107,FALSE,TRUE,0,0
"108",42424630,40.7244054,-74.0070994,108,FALSE,TRUE,0,0
"109",42424641,40.7146195,-73.9768477,109,FALSE,TRUE,0,0
"110",42424672,40.7593001,-73.9592658,110,FALSE,FALSE,0,0
"111",42424679,40.8202619,-73.9594899,111,FALSE,FALSE,0,0
"112",42424698,40.8232976,-73.9570228,112,TRUE,FALSE,0,0
"113",42424701,40.8197265,-73.9601312,113,FALSE,FALSE,0,0
"114",42424703,40.8186803,-73.9610583,114,FALSE,FALSE,0,0
"115",42424706,40.8180007,-73.9618103,115,FALSE,FALSE,0,0
"116",42424757,40.8069238,-73.9355669,116,FALSE,FALSE,0,0
"117",42424758,40.80669,-73.9349387,117,FALSE,FALSE,0,0
"118",42424789,40.7576654,-73.9948115,118,FALSE,TRUE,0,0
"119",42424851,40.784623,-73.9698495,119,FALSE,FALSE,0,0
"120",42424864,40.7244132,-74.0059302,120,FALSE,TRUE,0,0
"121",42424937,40.8105617,-73.967223,121,TRUE,FALSE,0,0
"122",42425088,40.8176607,-73.9610256,122,FALSE,FALSE,0,0
"123",42425100,40.715649,-73.977917,123,FALSE,TRUE,0,0
"124",42425127,40.7917218,-73.9529821,124,FALSE,FALSE,0,0
"125",42425188,40.7856025,-73.9841323,125,FALSE,FALSE,0,0
"126",42425232,40.7923773,-73.9641772,126,FALSE,FALSE,0,0
"127",42425242,40.8203291,-73.9596517,127,FALSE,FALSE,0,0
"128",42425348,40.7954937,-73.9760092,128,FALSE,FALSE,0,0
"129",42425417,40.8282864,-73.9348645,129,TRUE,FALSE,0,0
"130",42425425,40.8158343,-73.9344443,130,FALSE,FALSE,0,0
"131",42425484,40.814759,-73.9343888,131,FALSE,FALSE,0,0
"132",42425570,40.7942085,-73.9628541,132,FALSE,FALSE,0,0
"133",42425681,40.7993152,-73.929126,133,FALSE,FALSE,0,0
"134",42425747,40.8034625,-73.9312143,134,FALSE,FALSE,0,0
"135",42425758,40.8310238,-73.93598,135,FALSE,FALSE,0,0
"136",42425780,40.8668739,-73.930985,136,FALSE,FALSE,0,0
"137",42425955,40.7143955,-74.0005026,137,FALSE,TRUE,0,0
"138",42425959,40.8692662,-73.9318334,138,FALSE,FALSE,0,0
"139",42426060,40.7239092,-74.0075216,139,FALSE,TRUE,0,0
"140",42426089,40.723454,-74.0074947,140,FALSE,TRUE,0,0
"141",42426135,40.8039382,-73.9323444,141,FALSE,FALSE,0,0
"142",42426374,40.7982188,-73.952396,142,FALSE,FALSE,0,0
"143",42426665,40.8337341,-73.9376003,143,FALSE,FALSE,0,0
"144",42426747,40.7024415,-74.0128371,144,FALSE,TRUE,0,0
"145",42426799,40.8025637,-73.9303673,145,FALSE,FALSE,0,0
"146",42426805,40.7923959,-73.9367868,146,FALSE,FALSE,0,0
"147",42426810,40.834924,-73.9354669,147,FALSE,FALSE,0,0
"148",42426816,40.7472955,-73.9758273,148,FALSE,TRUE,0,0
"149",42426851,40.74693,-73.9692725,149,FALSE,TRUE,0,0
"150",42426865,40.7374172,-73.974504,150,FALSE,TRUE,0,0
"151",42426875,40.7369776,-73.9749044,151,FALSE,TRUE,0,0
"152",42426957,40.806301,-73.9348501,152,FALSE,FALSE,0,0
"153",42426968,40.8179047,-73.9342503,153,FALSE,FALSE,0,0
"154",42426971,40.8188825,-73.9343644,154,FALSE,FALSE,0,0
"155",42427009,40.7904084,-73.9367296,155,FALSE,FALSE,0,0
"156",42427016,40.847737,-73.9311538,156,FALSE,FALSE,0,0
"157",42427030,40.7652696,-73.9521462,157,FALSE,FALSE,0,0
"158",42427036,40.7665323,-73.9510157,158,FALSE,FALSE,0,0
"159",42427086,40.8353715,-73.9441039,159,FALSE,FALSE,0,0
"160",42427112,40.8363811,-73.9445746,160,FALSE,FALSE,0,0
"161",42427115,40.8370771,-73.9442977,161,FALSE,FALSE,0,0
"162",42427122,40.8377866,-73.9440172,162,FALSE,FALSE,0,0
"163",42427126,40.8384634,-73.9437512,163,FALSE,FALSE,0,0
"164",42427128,40.839174,-73.943465,164,FALSE,FALSE,0,0
"165",42427133,40.8401941,-73.9430682,165,FALSE,FALSE,0,0
"166",42427136,40.8421541,-73.9422847,166,FALSE,FALSE,0,0
"167",42427139,40.8428216,-73.9420178,167,FALSE,FALSE,0,0
"168",42427143,40.8434507,-73.9416342,168,FALSE,FALSE,0,0
"169",42427146,40.8440509,-73.9411456,169,FALSE,FALSE,0,0
"170",42427150,40.844695,-73.9408022,170,FALSE,FALSE,0,0
"171",42427152,40.8453757,-73.9405244,171,FALSE,FALSE,0,0
"172",42427156,40.8460446,-73.9402488,172,FALSE,FALSE,0,0
"173",42427159,40.8465308,-73.9400565,173,FALSE,FALSE,0,0
"174",42427164,40.8472122,-73.9397798,174,FALSE,FALSE,0,0
"175",42427168,40.847842,-73.9395229,175,FALSE,FALSE,0,0
"176",42427185,40.8499781,-73.9386594,176,FALSE,FALSE,0,0
"177",42427190,40.850909,-73.938284,177,FALSE,FALSE,0,0
"178",42427196,40.852128,-73.937819,178,FALSE,FALSE,0,0
"179",42427206,40.85338,-73.937435,179,FALSE,FALSE,0,0
"180",42427212,40.8551136,-73.9369042,180,FALSE,FALSE,0,0
"181",42427216,40.857109,-73.935602,181,FALSE,FALSE,0,0
"182",42427236,40.7116883,-74.0058474,182,FALSE,TRUE,0,0
"183",42427242,40.7101781,-74.0042431,183,FALSE,TRUE,0,0
"184",42427249,40.7070101,-74.0064417,184,FALSE,TRUE,0,0
"185",42427251,40.7063813,-74.0056937,185,FALSE,TRUE,0,0
"186",42427254,40.7060012,-74.0052076,186,FALSE,TRUE,0,0
"187",42427256,40.705408,-74.0044743,187,FALSE,TRUE,0,0
"188",42427278,40.7135883,-74.0035657,188,FALSE,TRUE,0,0
"189",42427300,40.7151641,-74.0021258,189,FALSE,TRUE,0,0
"190",42427305,40.7157533,-74.0016876,190,FALSE,TRUE,0,0
"191",42427307,40.71693,-74.000818,191,FALSE,TRUE,0,0
"192",42427311,40.717619,-74.000274,192,FALSE,TRUE,0,0
"193",42427316,40.718016,-73.9999554,193,FALSE,TRUE,0,0
"194",42427319,40.7186723,-73.9994292,194,FALSE,TRUE,0,0
"195",42427322,40.718913,-73.999234,195,FALSE,TRUE,0,0
"196",42427324,40.7198029,-73.9985112,196,FALSE,TRUE,0,0
"197",42427327,40.7208344,-73.9976561,197,FALSE,TRUE,0,0
"198",42427335,40.7152425,-73.9842337,198,FALSE,TRUE,0,0
"199",42427337,40.7161377,-73.9836386,199,FALSE,TRUE,0,0
"200",42427340,40.7166776,-73.9833624,200,FALSE,TRUE,0,2
"201",42427345,40.717175,-73.9831071,201,FALSE,TRUE,0,0
"202",42427346,40.7183141,-73.9825206,202,FALSE,TRUE,0,0
"203",42427352,40.7194618,-73.9819415,203,FALSE,TRUE,0,0
"204",42427358,40.7206496,-73.9813453,204,FALSE,TRUE,0,0
"205",42427369,40.7396792,-73.9909583,205,FALSE,TRUE,0,0
"206",42427371,40.7410305,-73.9941671,206,FALSE,TRUE,0,0
"207",42427374,40.742228,-73.997007,207,FALSE,TRUE,0,0
"208",42427381,40.7434264,-73.9998513,208,FALSE,TRUE,0,0
"209",42427386,40.7446399,-74.0027323,209,FALSE,TRUE,0,0
"210",42427390,40.745816,-74.005535,210,FALSE,TRUE,0,0
"211",42427393,40.746795,-74.0078599,211,FALSE,TRUE,0,0
"212",42427411,40.7081724,-74.0166109,212,FALSE,TRUE,0,0
"213",42427412,40.708457,-74.017398,213,FALSE,TRUE,0,0
"214",42427423,40.7435682,-73.9923179,214,FALSE,TRUE,0,0
"215",42427426,40.744765,-73.9951595,215,FALSE,TRUE,0,0
"216",42427427,40.7459612,-73.998,216,FALSE,TRUE,0,0
"217",42427477,40.7471747,-74.0008813,217,FALSE,TRUE,0,0
"218",42427483,40.748355,-74.003684,218,FALSE,TRUE,0,0
"219",42427494,40.7502334,-74.0082779,219,FALSE,TRUE,0,0
"220",42427504,40.8716544,-73.9112343,220,FALSE,FALSE,0,0
"221",42427507,40.8722414,-73.9126036,221,FALSE,FALSE,0,0
"222",42427519,40.8123183,-73.9522263,222,FALSE,FALSE,0,0
"223",42427523,40.81294,-73.95177,223,FALSE,FALSE,0,0
"224",42427531,40.813567,-73.951322,224,FALSE,FALSE,0,0
"225",42427538,40.814187,-73.95086,225,FALSE,FALSE,0,0
"226",42427649,40.8179231,-73.9497399,226,FALSE,FALSE,0,0
"227",42427735,40.8214875,-73.9485312,227,FALSE,FALSE,0,0
"228",42427742,40.714251,-73.9808938,228,FALSE,TRUE,0,0
"229",42427744,40.7135531,-73.9808346,229,FALSE,TRUE,0,0
"230",42427750,40.7115207,-73.9806225,230,FALSE,TRUE,0,0
"231",42427762,40.7636536,-73.9734832,231,FALSE,TRUE,19,0
"232",42427764,40.7639136,-73.9741072,232,FALSE,TRUE,0,0
"233",42427768,40.855598,-73.927319,233,FALSE,FALSE,0,0
"234",42427769,40.856182,-73.928716,234,FALSE,FALSE,0,0
"235",42427773,40.8566083,-73.9297266,235,FALSE,FALSE,0,0
"236",42427780,40.857841,-73.932043,236,FALSE,FALSE,0,0
"237",42427782,40.8581161,-73.932977,237,FALSE,FALSE,0,0
"238",42427786,40.745301,-73.986846,238,FALSE,TRUE,0,0
"239",42427787,40.7460483,-73.9886101,239,FALSE,TRUE,0,0
"240",42427797,40.7466658,-73.9900676,240,FALSE,TRUE,0,0
"241",42427805,40.7478717,-73.9929242,241,FALSE,TRUE,0,0
"242",42427812,40.7490537,-73.9957298,242,FALSE,TRUE,0,0
"243",42427821,40.7514485,-74.0014254,243,FALSE,TRUE,0,0
"244",42427824,40.7526474,-74.0042757,244,FALSE,TRUE,0,0
"245",42427828,40.7537821,-74.0070387,245,FALSE,TRUE,0,0
"246",42427834,40.8134253,-73.9371434,246,FALSE,FALSE,0,0
"247",42427844,40.8621121,-73.9300037,247,FALSE,FALSE,0,0
"248",42427846,40.8622107,-73.9296676,248,FALSE,FALSE,0,0
"249",42427849,40.8626215,-73.9286059,249,FALSE,FALSE,0,0
"250",42427852,40.862926,-73.927766,250,FALSE,FALSE,0,0
"251",42427855,40.863238,-73.926923,251,FALSE,FALSE,0,0
"252",42427859,40.8635745,-73.9260124,252,FALSE,FALSE,0,0
"253",42427863,40.864403,-73.923767,253,FALSE,FALSE,0,0
"254",42427867,40.8651,-73.921884,254,FALSE,FALSE,0,0
"255",42427870,40.865797,-73.919996,255,FALSE,FALSE,0,0
"256",42427873,40.866315,-73.918596,256,FALSE,FALSE,0,0
"257",42427877,40.866813,-73.917205,257,FALSE,FALSE,0,0
"258",42427881,40.8272063,-73.9424535,258,FALSE,FALSE,0,0
"259",42427883,40.827823,-73.941997,259,FALSE,FALSE,0,0
"260",42427888,40.828447,-73.94154,260,FALSE,FALSE,0,0
"261",42427891,40.829083,-73.941078,261,FALSE,FALSE,0,0
"262",42427894,40.8302773,-73.9402064,262,FALSE,FALSE,0,0
"263",42427915,40.7820388,-73.9717224,263,FALSE,FALSE,0,0
"264",42427956,40.7045596,-74.0094849,264,FALSE,TRUE,0,0
"265",42427965,40.7599137,-73.9588108,265,FALSE,FALSE,0,0
"266",42427968,40.7605391,-73.9583585,266,FALSE,FALSE,0,0
"267",42427970,40.7611816,-73.9579018,267,FALSE,FALSE,0,0
"268",42427972,40.7617963,-73.9574532,268,FALSE,FALSE,0,0
"269",42427975,40.7624248,-73.9569931,269,FALSE,FALSE,0,0
"270",42427979,40.7630517,-73.9565342,270,FALSE,FALSE,0,0
"271",42427985,40.7636731,-73.9560793,271,FALSE,FALSE,0,0
"272",42427991,40.7642988,-73.9556211,272,FALSE,FALSE,0,0
"273",42427996,40.7649207,-73.9551666,273,FALSE,FALSE,0,0
"274",42428003,40.7655447,-73.9547105,274,FALSE,FALSE,0,0
"275",42428005,40.7661832,-73.9542439,275,FALSE,FALSE,0,0
"276",42428007,40.7668593,-73.9537482,276,FALSE,FALSE,0,0
"277",42428010,40.7675409,-73.9532494,277,FALSE,FALSE,0,0
"278",42428012,40.7681722,-73.9527922,278,FALSE,FALSE,0,0
"279",42428013,40.768811,-73.9523297,279,FALSE,FALSE,0,0
"280",42428014,40.7694509,-73.9518664,280,FALSE,FALSE,0,0
"281",42428015,40.770088,-73.951405,281,FALSE,FALSE,0,0
"282",42428016,40.7707171,-73.950941,282,FALSE,FALSE,0,0
"283",42428020,40.771399,-73.9504381,283,FALSE,FALSE,0,0
"284",42428022,40.7720762,-73.9499354,284,FALSE,FALSE,0,0
"285",42428024,40.7727093,-73.9494733,285,FALSE,FALSE,0,0
"286",42428027,40.7733435,-73.9490103,286,FALSE,FALSE,0,0
"287",42428029,40.7739755,-73.9485489,287,FALSE,FALSE,0,0
"288",42428032,40.7746144,-73.9480825,288,FALSE,FALSE,0,0
"289",42428034,40.775245,-73.9476222,289,FALSE,FALSE,0,0
"290",42428037,40.775932,-73.9471206,290,FALSE,FALSE,0,0
"291",42428039,40.7766022,-73.9466326,291,FALSE,FALSE,0,0
"292",42428043,40.7772288,-73.9461764,292,FALSE,FALSE,0,0
"293",42428045,40.777874,-73.9457066,293,FALSE,FALSE,0,0
"294",42428047,40.7784878,-73.9452597,294,FALSE,FALSE,0,0
"295",42428049,40.779149,-73.944779,295,FALSE,FALSE,0,0
"296",42428052,40.7797423,-73.9442883,296,FALSE,FALSE,0,0
"297",42428061,40.7812798,-73.9759984,297,FALSE,FALSE,0,0
"298",42428063,40.7824641,-73.9788209,298,FALSE,FALSE,0,0
"299",42428065,40.7832069,-73.9805809,299,FALSE,FALSE,0,0
"300",42428068,40.7836663,-73.9816706,300,FALSE,FALSE,0,0
"301",42428072,40.7843551,-73.9832997,301,FALSE,FALSE,0,0
"302",42428080,40.8474237,-73.9313827,302,FALSE,FALSE,0,0
"303",42428082,40.848038,-73.932849,303,FALSE,FALSE,0,0
"304",42428086,40.848626,-73.934239,304,FALSE,FALSE,0,0
"305",42428090,40.849145,-73.935471,305,FALSE,FALSE,0,0
"306",42428094,40.849541,-73.936397,306,FALSE,FALSE,0,0
"307",42428103,40.8501784,-73.9396399,307,FALSE,FALSE,0,0
"308",42428107,40.8503748,-73.9406064,308,FALSE,FALSE,0,0
"309",42428114,40.8482177,-73.9414166,309,FALSE,FALSE,0,0
"310",42428124,40.8513418,-73.9402247,310,FALSE,FALSE,0,0
"311",42428130,40.854677,-73.938652,311,FALSE,FALSE,0,0
"312",42428134,40.8556073,-73.937921,312,FALSE,FALSE,0,0
"313",42428144,40.8573519,-73.936584,313,FALSE,FALSE,0,0
"314",42428170,40.7371276,-73.9903368,314,FALSE,TRUE,0,0
"315",42428174,40.7378047,-73.9901393,315,FALSE,TRUE,0,0
"316",42428179,40.7384929,-73.9899534,316,FALSE,TRUE,0,0
"317",42428183,40.7391754,-73.9897504,317,FALSE,TRUE,0,0
"318",42428192,40.7398661,-73.9895652,318,FALSE,TRUE,0,0
"319",42428198,40.7406183,-73.9894381,319,FALSE,TRUE,0,0
"320",42428201,40.7413643,-73.9891378,320,FALSE,TRUE,0,0
"321",42428206,40.7422186,-73.9891071,321,FALSE,TRUE,0,0
"322",42428212,40.7430428,-73.9891631,322,FALSE,TRUE,0,0
"323",42428220,40.7445363,-73.9888917,323,FALSE,TRUE,0,0
"324",42428223,40.7452886,-73.9887531,324,FALSE,TRUE,0,0
"325",42428227,40.7467961,-73.9884727,325,FALSE,TRUE,0,0
"326",42428232,40.7475458,-73.9883326,326,FALSE,TRUE,0,0
"327",42428253,40.7506824,-73.9878205,327,FALSE,TRUE,0,0
"328",42428258,40.751444,-73.9876732,328,FALSE,TRUE,0,0
"329",42428264,40.7521844,-73.9875229,329,FALSE,TRUE,0,0
"330",42428268,40.7528837,-73.9873365,330,FALSE,TRUE,0,0
"331",42428272,40.7536222,-73.9870696,331,FALSE,TRUE,0,0
"332",42428277,40.7543353,-73.9868976,332,FALSE,TRUE,95,0
"333",42428283,40.7550539,-73.9866712,333,FALSE,TRUE,0,0
"334",42428287,40.7558193,-73.9864249,334,FALSE,TRUE,0,0
"335",42428297,40.7579634,-73.9855335,335,FALSE,TRUE,0,0
"336",42428303,40.759438,-73.9851371,336,FALSE,TRUE,0,0
"337",42428305,40.7601131,-73.9848206,337,FALSE,TRUE,99,0
"338",42428307,40.760804,-73.9845206,338,FALSE,TRUE,0,0
"339",42428308,40.7614503,-73.9840983,339,FALSE,TRUE,0,0
"340",42428310,40.7620858,-73.9836782,340,FALSE,TRUE,0,0
"341",42428312,40.7627381,-73.9832608,341,FALSE,TRUE,0,0
"342",42428313,40.763382,-73.9829033,342,FALSE,TRUE,0,0
"343",42428315,40.764058,-73.9825176,343,FALSE,TRUE,0,0
"344",42428321,40.7647849,-73.9822551,344,FALSE,TRUE,0,0
"345",42428328,40.7654683,-73.9820384,345,FALSE,TRUE,0,0
"346",42428329,40.7663007,-73.9818927,346,FALSE,TRUE,0,0
"347",42428332,40.7671354,-73.9817493,347,FALSE,TRUE,0,0
"348",42428365,40.7059044,-74.0132703,348,FALSE,TRUE,0,0
"349",42428368,40.7074486,-74.0119864,349,FALSE,TRUE,0,0
"350",42428371,40.7082982,-74.01129,350,FALSE,TRUE,0,0
"351",42428373,40.7085716,-74.0110652,351,FALSE,TRUE,0,0
"352",42428374,40.7088206,-74.0108604,352,FALSE,TRUE,0,0
"353",42428376,40.7098263,-74.0100172,353,FALSE,TRUE,0,0
"354",42428377,40.7103389,-74.0095729,354,FALSE,TRUE,0,0
"355",42428379,40.7104441,-74.009473,355,FALSE,TRUE,0,0
"356",42428385,40.710913,-74.0090985,356,FALSE,TRUE,0,0
"357",42428391,40.7113948,-74.0086548,357,FALSE,TRUE,0,0
"358",42428402,40.7146811,-74.0058866,358,FALSE,TRUE,0,0
"359",42428405,40.715236,-74.00542,359,FALSE,TRUE,0,0
"360",42428408,40.71576,-74.004976,360,FALSE,TRUE,0,0
"361",42428411,40.7162939,-74.0045248,361,FALSE,TRUE,37,0
"362",42428420,40.717449,-74.003533,362,FALSE,TRUE,0,0
"363",42428425,40.7180338,-74.003043,363,FALSE,TRUE,0,0
"364",42428428,40.7186389,-74.0025285,364,FALSE,TRUE,0,91
"365",42428431,40.719153,-74.002091,365,FALSE,TRUE,0,0
"366",42428433,40.7194058,-74.0018769,366,FALSE,TRUE,0,0
"367",42428434,40.719938,-74.001425,367,FALSE,TRUE,0,0
"368",42428436,40.7208548,-74.0006545,368,FALSE,TRUE,0,0
"369",42428438,40.7217891,-73.9998554,369,FALSE,TRUE,0,0
"370",42428441,40.723021,-73.998812,370,FALSE,TRUE,0,114
"371",42428444,40.724235,-73.997785,371,FALSE,TRUE,0,0
"372",42428447,40.7255012,-73.9967146,372,FALSE,TRUE,0,0
"373",42428454,40.727212,-73.99527,373,FALSE,TRUE,0,0
"374",42428458,40.7278276,-73.9947496,374,FALSE,TRUE,0,0
"375",42428460,40.728413,-73.994252,375,FALSE,TRUE,0,0
"376",42428464,40.729009,-73.993747,376,FALSE,TRUE,0,0
"377",42428468,40.729581,-73.993262,377,FALSE,TRUE,0,0
"378",42428471,40.73008,-73.992841,378,FALSE,TRUE,0,0
"379",42428473,40.7306021,-73.9923997,379,FALSE,TRUE,0,0
"380",42428476,40.731166,-73.991921,380,FALSE,TRUE,0,0
"381",42428480,40.7317445,-73.9914619,381,FALSE,TRUE,0,0
"382",42428483,40.732449,-73.991289,382,FALSE,TRUE,109,0
"383",42428489,40.733214,-73.991114,383,FALSE,TRUE,0,0
"384",42428491,40.7339814,-73.990953,384,FALSE,TRUE,0,0
"385",42428493,40.7347874,-73.9907352,385,FALSE,TRUE,0,0
"386",42428524,40.7040707,-74.0132054,386,FALSE,TRUE,0,0
"387",42428529,40.7050087,-74.0133273,387,FALSE,TRUE,0,0
"388",42428570,40.7689504,-73.9822001,388,FALSE,TRUE,0,0
"389",42428575,40.7706115,-73.9822476,389,FALSE,TRUE,0,0
"390",42428579,40.7714348,-73.9822603,390,FALSE,TRUE,0,0
"391",42428588,40.7726558,-73.9822863,391,FALSE,TRUE,0,0
"392",42428590,40.7730852,-73.9823112,392,FALSE,TRUE,0,0
"393",42428595,40.7739227,-73.9823188,393,FALSE,TRUE,0,0
"394",42428598,40.7747214,-73.9822972,394,FALSE,TRUE,0,0
"395",42428601,40.7755283,-73.9822622,395,FALSE,FALSE,0,0
"396",42428604,40.7763295,-73.9822243,396,FALSE,FALSE,0,0
"397",42428610,40.7771434,-73.9822172,397,FALSE,FALSE,0,0
"398",42428634,40.7787867,-73.9820522,398,FALSE,FALSE,0,0
"399",42428637,40.7795842,-73.9818317,399,FALSE,FALSE,0,0
"400",42428640,40.7803341,-73.9816325,400,FALSE,FALSE,0,0
"401",42428643,40.7810582,-73.9814257,401,FALSE,FALSE,0,0
"402",42428645,40.7818019,-73.9811764,402,FALSE,FALSE,0,0
"403",42428648,40.7825317,-73.9809157,403,FALSE,FALSE,0,0
"404",42428653,40.783893,-73.9800838,404,FALSE,FALSE,0,0
"405",42428657,40.7852101,-73.9791163,405,FALSE,FALSE,0,0
"406",42428661,40.7858381,-73.9786335,406,FALSE,FALSE,0,0
"407",42428663,40.7864652,-73.9781723,407,FALSE,FALSE,0,0
"408",42428670,40.7877015,-73.9771707,408,FALSE,FALSE,0,0
"409",42428674,40.7883617,-73.9766064,409,FALSE,FALSE,0,0
"410",42428678,40.7890078,-73.976052,410,FALSE,FALSE,0,0
"411",42428682,40.7896363,-73.9755873,411,FALSE,FALSE,0,0
"412",42428689,40.7908834,-73.9746726,412,FALSE,FALSE,0,0
"413",42428695,40.7915225,-73.9742027,413,FALSE,FALSE,0,0
"414",42428701,40.7921405,-73.9737451,414,FALSE,FALSE,0,0
"415",42428705,40.7927728,-73.9733006,415,FALSE,FALSE,0,0
"416",42428709,40.7933995,-73.972839,416,FALSE,FALSE,0,0
"417",42428711,40.7940312,-73.972399,417,FALSE,FALSE,0,0
"418",42428714,40.7947149,-73.9718975,418,FALSE,FALSE,0,0
"419",42428716,40.7953849,-73.9714074,419,FALSE,FALSE,0,0
"420",42428720,40.796004,-73.9709366,420,FALSE,FALSE,0,0
"421",42428723,40.7966367,-73.9704799,421,FALSE,FALSE,0,0
"422",42428725,40.7972636,-73.9700162,422,FALSE,FALSE,0,0
"423",42428728,40.7978923,-73.9695597,423,FALSE,FALSE,0,0
"424",42428737,40.7985155,-73.9691051,424,FALSE,FALSE,0,0
"425",42428742,40.7991535,-73.9686546,425,FALSE,FALSE,0,0
"426",42428746,40.7998235,-73.9683098,426,FALSE,FALSE,0,0
"427",42428751,40.8005616,-73.9680953,427,FALSE,FALSE,0,0
"428",42428760,40.8022515,-73.9679062,428,FALSE,FALSE,0,0
"429",42428770,40.8036046,-73.9672436,429,FALSE,FALSE,0,0
"430",42428782,40.8042152,-73.9667983,430,FALSE,FALSE,0,0
"431",42428790,40.8048633,-73.9663136,431,FALSE,FALSE,0,0
"432",42428799,40.8054904,-73.9658601,432,FALSE,FALSE,0,0
"433",42428807,40.8061176,-73.9654027,433,FALSE,FALSE,0,0
"434",42428814,40.8067507,-73.9649437,434,FALSE,FALSE,0,0
"435",42428833,40.8073871,-73.9644889,435,FALSE,FALSE,0,0
"436",42428844,40.8112589,-73.9616861,436,FALSE,FALSE,0,0
"437",42428858,40.8151597,-73.9588371,437,FALSE,FALSE,0,0
"438",42428863,40.8158098,-73.9583906,438,FALSE,FALSE,0,0
"439",42428873,40.8176025,-73.957044,439,FALSE,FALSE,0,0
"440",42428876,40.8182287,-73.9565816,440,FALSE,FALSE,0,0
"441",42428892,40.8201617,-73.9551864,441,FALSE,FALSE,0,0
"442",42428912,40.8214361,-73.9542488,442,FALSE,FALSE,0,0
"443",42428913,40.8220717,-73.9537903,443,FALSE,FALSE,0,0
"444",42428914,40.8226882,-73.953329,444,FALSE,FALSE,0,0
"445",42428917,40.8233117,-73.9528694,445,FALSE,FALSE,0,0
"446",42428919,40.8239367,-73.9524172,446,FALSE,FALSE,0,0
"447",42428922,40.8245675,-73.9519566,447,FALSE,FALSE,0,0
"448",42428926,40.8251862,-73.9515057,448,FALSE,FALSE,0,0
"449",42428928,40.8258004,-73.951049,449,FALSE,FALSE,0,0
"450",42428931,40.8264888,-73.950564,450,FALSE,FALSE,0,0
"451",42428934,40.8271527,-73.9500743,451,FALSE,FALSE,0,0
"452",42428936,40.8277777,-73.9496148,452,FALSE,FALSE,0,0
"453",42428939,40.8284002,-73.9491568,453,FALSE,FALSE,0,0
"454",42428941,40.8290276,-73.9486953,454,FALSE,FALSE,0,0
"455",42428944,40.8296454,-73.9482407,455,FALSE,FALSE,0,0
"456",42428947,40.8302605,-73.9477882,456,FALSE,FALSE,0,0
"457",42428951,40.8308954,-73.9473375,457,FALSE,FALSE,0,0
"458",42428953,40.8315206,-73.946872,458,FALSE,FALSE,0,0
"459",42428956,40.8328147,-73.9459388,459,FALSE,FALSE,0,0
"460",42428958,40.8334848,-73.9454338,460,FALSE,FALSE,0,0
"461",42428961,40.8341039,-73.9449852,461,FALSE,FALSE,0,0
"462",42428962,40.8347297,-73.9445301,462,FALSE,FALSE,0,0
"463",42428964,40.8359959,-73.9436514,463,FALSE,FALSE,0,0
"464",42428965,40.8366143,-73.9431927,464,FALSE,FALSE,0,0
"465",42428966,40.8372403,-73.9427148,465,FALSE,FALSE,0,0
"466",42428967,40.837855,-73.942259,466,FALSE,FALSE,0,0
"467",42428970,40.8384885,-73.9418259,467,FALSE,FALSE,0,0
"468",42428973,40.8392425,-73.9412769,468,FALSE,FALSE,0,0
"469",42428975,40.8399295,-73.9407749,469,FALSE,FALSE,0,0
"470",42428978,40.8411223,-73.9398646,470,FALSE,FALSE,0,0
"471",42428980,40.8416786,-73.9392999,471,FALSE,FALSE,0,0
"472",42428984,40.8424468,-73.9392536,472,FALSE,FALSE,0,0
"473",42428985,40.843223,-73.939177,473,FALSE,FALSE,0,0
"474",42428989,40.843942,-73.939025,474,FALSE,FALSE,0,0
"475",42428994,40.8446886,-73.9388653,475,FALSE,FALSE,0,0
"476",42428998,40.8454318,-73.9386774,476,FALSE,FALSE,0,0
"477",42429002,40.8462182,-73.9384437,477,FALSE,FALSE,0,0
"478",42429006,40.8469437,-73.938228,478,FALSE,FALSE,0,0
"479",42429011,40.8475489,-73.9380371,479,FALSE,FALSE,0,0
"480",42429013,40.847711,-73.937975,480,FALSE,FALSE,0,0
"481",42429017,40.8484003,-73.9376741,481,FALSE,FALSE,0,0
"482",42429023,40.8489496,-73.937049,482,FALSE,FALSE,0,0
"483",42429029,40.8501764,-73.9357231,483,FALSE,FALSE,0,0
"484",42429032,40.850774,-73.935426,484,FALSE,FALSE,0,0
"485",42429035,40.851434,-73.935083,485,FALSE,FALSE,0,0
"486",42429044,40.852058,-73.934776,486,FALSE,FALSE,0,0
"487",42429058,40.852729,-73.93443,487,FALSE,FALSE,0,0
"488",42429072,40.8532,-73.934193,488,FALSE,FALSE,0,0
"489",42429083,40.8541572,-73.9337034,489,FALSE,FALSE,0,0
"490",42429094,40.855335,-73.933312,490,FALSE,FALSE,0,0
"491",42429100,40.856503,-73.932761,491,FALSE,FALSE,0,0
"492",42429104,40.856716,-73.932631,492,FALSE,FALSE,0,0
"493",42429109,40.858271,-73.931818,493,FALSE,FALSE,0,0
"494",42429174,40.860641,-73.930771,494,FALSE,FALSE,0,0
"495",42429184,40.8634187,-73.9300194,495,FALSE,FALSE,0,0
"496",42429211,40.8646634,-73.9289023,496,FALSE,FALSE,0,0
"497",42429212,40.8650857,-73.9281099,497,FALSE,FALSE,0,0
"498",42429215,40.8655306,-73.9272714,498,FALSE,FALSE,0,0
"499",42429216,40.866025,-73.925872,499,FALSE,FALSE,0,0
"500",42429217,40.866336,-73.925005,500,FALSE,FALSE,0,0
"501",42429220,40.867016,-73.92311,501,FALSE,FALSE,0,0
"502",42429222,40.867707,-73.9212171,502,FALSE,FALSE,0,0
"503",42429226,40.8681187,-73.9197555,503,FALSE,FALSE,0,0
"504",42429228,40.868482,-73.918561,504,FALSE,FALSE,0,0
"505",42429231,40.868885,-73.917594,505,FALSE,FALSE,0,0
"506",42429236,40.8693238,-73.9167458,506,FALSE,FALSE,0,0
"507",42429242,40.8698643,-73.9158491,507,FALSE,FALSE,0,0
"508",42429244,40.8704145,-73.9151316,508,FALSE,FALSE,0,0
"509",42429255,40.871714,-73.9132764,509,FALSE,FALSE,0,0
"510",42429314,40.7815342,-73.9604148,510,FALSE,FALSE,0,0
"511",42429324,40.7808601,-73.9588013,511,FALSE,FALSE,0,0
"512",42429330,40.7801496,-73.9571181,512,FALSE,FALSE,0,0
"513",42429334,40.7795073,-73.9555832,513,FALSE,FALSE,0,0
"514",42429338,40.7788275,-73.9539771,514,FALSE,FALSE,0,0
"515",42429340,40.7778838,-73.9517401,515,FALSE,FALSE,0,0
"516",42429342,40.776888,-73.9493698,516,FALSE,FALSE,0,0
"517",42429348,40.7749461,-73.9447748,517,FALSE,FALSE,0,0
"518",42429353,40.7072083,-74.0059779,518,FALSE,TRUE,0,0
"519",42429354,40.7078606,-74.0068365,519,FALSE,TRUE,0,0
"520",42429373,40.735313,-73.994118,520,FALSE,TRUE,0,0
"521",42429374,40.736668,-73.997341,521,FALSE,TRUE,0,0
"522",42429375,40.7378614,-74.0001742,522,FALSE,TRUE,0,0
"523",42429378,40.7387436,-74.0024001,523,FALSE,TRUE,0,0
"524",42429388,40.7390953,-74.0030301,524,FALSE,TRUE,0,0
"525",42429390,40.739418,-74.003865,525,FALSE,TRUE,0,0
"526",42429394,40.7400297,-74.0053043,526,FALSE,TRUE,0,0
"527",42429412,40.7409399,-74.0074994,527,FALSE,TRUE,0,0
"528",42429431,40.7414615,-74.0087032,528,FALSE,TRUE,0,0
"529",42429452,40.8429382,-73.9346816,529,FALSE,FALSE,0,0
"530",42429457,40.84355,-73.936126,530,FALSE,FALSE,0,0
"531",42429466,40.844137,-73.937518,531,FALSE,FALSE,0,0
"532",42429474,40.8446487,-73.9387288,532,FALSE,FALSE,0,0
"533",42429479,40.8462601,-73.9426268,533,FALSE,FALSE,0,0
"534",42429504,40.7053168,-74.0090373,534,FALSE,TRUE,0,0
"535",42429507,40.7055699,-74.0090526,535,FALSE,TRUE,0,0
"536",42429521,40.7064948,-74.0167254,536,FALSE,TRUE,0,0
"537",42429530,40.8108543,-73.9390289,537,FALSE,FALSE,0,0
"538",42429532,40.8121691,-73.9421726,538,FALSE,FALSE,0,0
"539",42429536,40.8134231,-73.9451787,539,FALSE,FALSE,0,0
"540",42429538,40.81458,-73.947947,540,FALSE,FALSE,0,0
"541",42429541,40.8193946,-73.9593697,541,FALSE,FALSE,0,0
"542",42429552,40.8032304,-73.9446222,542,FALSE,FALSE,0,0
"543",42429557,40.7985815,-73.9731448,543,FALSE,FALSE,0,0
"544",42429562,40.7138056,-74.0088463,544,FALSE,TRUE,0,0
"545",42429563,40.714383,-74.010128,545,FALSE,TRUE,0,0
"546",42429565,40.714904,-74.0113427,546,FALSE,TRUE,0,0
"547",42429570,40.7152226,-74.0132124,547,FALSE,TRUE,0,0
"548",42429595,40.7155725,-74.0155746,548,FALSE,TRUE,0,0
"549",42429630,40.7158285,-74.0153819,549,FALSE,TRUE,0,0
"550",42429633,40.7163143,-74.0164437,550,FALSE,TRUE,0,5
"551",42429636,40.7142872,-73.9939293,551,FALSE,TRUE,44,0
"552",42429641,40.7164855,-73.9928237,552,FALSE,TRUE,0,0
"553",42429643,40.717668,-73.9922172,553,FALSE,TRUE,0,0
"554",42429644,40.7185836,-73.9917491,554,FALSE,TRUE,0,0
"555",42429645,40.7195624,-73.9912489,555,FALSE,TRUE,0,0
"556",42429646,40.7207678,-73.9906322,556,FALSE,TRUE,0,0
"557",42429647,40.7219217,-73.990042,557,FALSE,TRUE,0,0
"558",42429657,40.7385111,-73.9918061,558,FALSE,TRUE,0,0
"559",42429659,40.73986,-73.995018,559,FALSE,TRUE,0,0
"560",42429661,40.741056,-73.997862,560,FALSE,TRUE,0,0
"561",42429662,40.7422581,-74.0006951,561,FALSE,TRUE,0,0
"562",42429663,40.7434761,-74.0035806,562,FALSE,TRUE,0,0
"563",42429664,40.744646,-74.006385,563,FALSE,TRUE,0,0
"564",42429680,40.771147,-73.967994,564,FALSE,TRUE,0,48
"565",42429682,40.7704755,-73.9663944,565,FALSE,TRUE,0,0
"566",42429685,40.7697588,-73.9646978,566,FALSE,TRUE,0,0
"567",42429688,40.7691137,-73.9631686,567,FALSE,TRUE,0,0
"568",42429690,40.7684416,-73.9615751,568,FALSE,FALSE,0,0
"569",42429693,40.7675009,-73.9593404,569,FALSE,FALSE,0,0
"570",42429694,40.7664881,-73.9569436,570,FALSE,FALSE,0,0
"571",42429700,40.7317982,-74.0011515,571,FALSE,TRUE,0,0
"572",42429701,40.7311376,-74.0029381,572,FALSE,TRUE,0,0
"573",42429703,40.8703989,-73.9121747,573,FALSE,FALSE,0,0
"574",42429704,40.8711588,-73.9139795,574,FALSE,FALSE,0,0
"575",42429705,40.871603,-73.915056,575,FALSE,FALSE,0,0
"576",42429707,40.872116,-73.916278,576,FALSE,FALSE,0,0
"577",42429708,40.872499,-73.917176,577,FALSE,FALSE,0,0
"578",42429709,40.873022,-73.918459,578,FALSE,FALSE,0,0
"579",42429727,40.8045555,-73.947737,579,FALSE,FALSE,0,0
"580",42429735,40.806709,-73.952857,580,FALSE,FALSE,0,0
"581",42429741,40.8069824,-73.9534985,581,FALSE,FALSE,0,0
"582",42429744,40.8075917,-73.9549547,582,FALSE,FALSE,0,0
"583",42429747,40.808178,-73.9563424,583,FALSE,FALSE,0,0
"584",42429752,40.720336,-73.9940925,584,FALSE,TRUE,0,0
"585",42429754,40.7199144,-73.9929412,585,FALSE,TRUE,0,0
"586",42429756,40.7198216,-73.9921032,586,FALSE,TRUE,0,0
"587",42429762,40.7191052,-73.9902813,587,FALSE,TRUE,0,0
"588",42429766,40.7191021,-73.989732,588,FALSE,TRUE,0,0
"589",42429769,40.718874,-73.9889804,589,FALSE,TRUE,0,0
"590",42429773,40.7186264,-73.9881645,590,FALSE,TRUE,0,0
"591",42429782,40.7183868,-73.9873747,591,FALSE,TRUE,0,0
"592",42429806,40.717431,-73.9839974,592,FALSE,TRUE,0,0
"593",42429809,40.716976,-73.982289,593,FALSE,TRUE,0,0
"594",42429811,40.716718,-73.981438,594,FALSE,TRUE,0,0
"595",42429812,40.716454,-73.9805736,595,FALSE,TRUE,0,0
"596",42429814,40.715957,-73.9789246,596,FALSE,TRUE,0,0
"597",42429819,40.7156979,-73.9780769,597,FALSE,TRUE,0,0
"598",42429825,40.8110093,-73.9542758,598,FALSE,FALSE,0,0
"599",42429829,40.7163029,-74.0061645,599,FALSE,TRUE,0,0
"600",42429830,40.7165394,-74.0066823,600,FALSE,TRUE,0,0
"601",42429832,40.7171217,-74.0079572,601,FALSE,TRUE,0,298
"602",42429833,40.717598,-74.009,602,FALSE,TRUE,0,0
"603",42429838,40.7077053,-74.0102034,603,FALSE,TRUE,0,0
"604",42429840,40.7069579,-74.0090037,604,FALSE,TRUE,0,0
"605",42429842,40.7060628,-74.0074544,605,FALSE,TRUE,0,0
"606",42429844,40.705634,-74.0067527,606,FALSE,TRUE,0,0
"607",42429874,40.743451,-73.988194,607,FALSE,TRUE,0,0
"608",42429876,40.7427711,-73.9865977,608,FALSE,TRUE,0,0
"609",42429888,40.7420643,-73.9849234,609,FALSE,TRUE,0,166
"610",42429890,40.7414058,-73.9833636,610,FALSE,TRUE,0,0
"611",42429896,40.7407284,-73.981759,611,FALSE,TRUE,0,0
"612",42429900,40.7397948,-73.9795312,612,FALSE,TRUE,0,0
"613",42429910,40.7392336,-73.9781918,613,FALSE,TRUE,0,0
"614",42429918,40.738796,-73.977148,614,FALSE,TRUE,0,0
"615",42429946,40.8709698,-73.9192622,615,FALSE,FALSE,0,0
"616",42429960,40.868889,-73.915681,616,FALSE,FALSE,0,0
"617",42429970,40.766767,-73.971189,617,FALSE,TRUE,0,0
"618",42429971,40.7660912,-73.9695848,618,FALSE,TRUE,0,0
"619",42429974,40.7653837,-73.9678898,619,FALSE,TRUE,0,0
"620",42429976,40.764739,-73.9663609,620,FALSE,TRUE,0,0
"621",42429980,40.764057,-73.9647558,621,FALSE,TRUE,0,0
"622",42429981,40.763113,-73.962515,622,FALSE,TRUE,0,0
"623",42429986,40.762118,-73.9601302,623,FALSE,FALSE,0,0
"624",42429999,40.7754121,-73.9839423,624,FALSE,FALSE,0,0
"625",42430004,40.7132584,-74.0092662,625,FALSE,TRUE,147,0
"626",42430007,40.7138543,-74.0105666,626,FALSE,TRUE,0,0
"627",42430009,40.714294,-74.011527,627,FALSE,TRUE,0,0
"628",42430022,40.8471725,-73.940776,628,FALSE,FALSE,0,0
"629",42430023,40.8473921,-73.940691,629,FALSE,FALSE,0,0
"630",42430030,40.7206316,-73.9949663,630,FALSE,TRUE,0,0
"631",42430034,40.7208958,-73.9957503,631,FALSE,TRUE,0,0
"632",42430038,40.7211736,-73.9965747,632,FALSE,TRUE,0,0
"633",42430041,40.7214509,-73.9973979,633,FALSE,TRUE,0,0
"634",42430044,40.7215815,-73.9977854,634,FALSE,TRUE,0,0
"635",42430050,40.7744056,-73.9656083,635,FALSE,TRUE,0,0
"636",42430052,40.7737351,-73.9640105,636,FALSE,TRUE,0,0
"637",42430056,40.7730236,-73.9623161,637,FALSE,FALSE,0,0
"638",42430060,40.7723765,-73.9607791,638,FALSE,FALSE,0,0
"639",42430063,40.7717042,-73.9591761,639,FALSE,FALSE,0,0
"640",42430068,40.7707623,-73.9569342,640,FALSE,FALSE,0,0
"641",42430075,40.7697673,-73.9545657,641,FALSE,FALSE,0,0
"642",42430102,40.7255633,-74.0045513,642,FALSE,TRUE,0,0
"643",42430108,40.724267,-74.004739,643,FALSE,TRUE,42,0
"644",42430115,40.7182925,-74.005362,644,FALSE,TRUE,0,0
"645",42430118,40.7190194,-74.0051717,645,FALSE,TRUE,0,0
"646",42430122,40.7198568,-74.0051934,646,FALSE,TRUE,0,0
"647",42430126,40.7206388,-74.0052198,647,FALSE,TRUE,0,0
"648",42430131,40.721025,-74.005248,648,FALSE,TRUE,0,0
"649",42430136,40.722276,-74.0053408,649,FALSE,TRUE,0,0
"650",42430143,40.723625,-74.004786,650,FALSE,TRUE,0,0
"651",42430147,40.724173,-74.004575,651,FALSE,TRUE,0,0
"652",42430154,40.725513,-74.004031,652,FALSE,TRUE,0,0
"653",42430160,40.72625,-74.00373,653,FALSE,TRUE,0,0
"654",42430164,40.726958,-74.003445,654,FALSE,TRUE,0,0
"655",42430167,40.727664,-74.003155,655,FALSE,TRUE,0,0
"656",42430187,40.7297532,-74.0021622,656,FALSE,TRUE,0,0
"657",42430205,40.7305503,-74.0017,657,FALSE,TRUE,0,0
"658",42430217,40.7310625,-74.0014113,658,FALSE,TRUE,0,0
"659",42430231,40.731706,-74.000954,659,FALSE,TRUE,0,0
"660",42430233,40.732315,-74.000511,660,FALSE,TRUE,0,142
"661",42430235,40.732929,-74.000066,661,FALSE,TRUE,0,0
"662",42430237,40.7336634,-73.9995234,662,FALSE,TRUE,0,0
"663",42430241,40.734784,-73.998714,663,FALSE,TRUE,0,0
"664",42430247,40.735391,-73.998274,664,FALSE,TRUE,0,0
"665",42430249,40.736032,-73.997805,665,FALSE,TRUE,0,0
"666",42430253,40.737361,-73.99684,666,FALSE,TRUE,0,0
"667",42430255,40.738044,-73.996337,667,FALSE,TRUE,0,0
"668",42430257,40.738686,-73.995874,668,FALSE,TRUE,0,0
"669",42430259,40.739272,-73.995446,669,FALSE,TRUE,49,0
"670",42430263,40.740442,-73.994593,670,FALSE,TRUE,0,0
"671",42430265,40.7416174,-73.9937398,671,FALSE,TRUE,0,0
"672",42430269,40.7422328,-73.9932916,672,FALSE,TRUE,0,0
"673",42430271,40.7429103,-73.9927979,673,FALSE,TRUE,0,0
"674",42430274,40.744186,-73.991871,674,FALSE,TRUE,0,0
"675",42430277,40.7448072,-73.9914152,675,FALSE,TRUE,0,0
"676",42430279,40.745421,-73.990968,676,FALSE,TRUE,0,0
"677",42430282,40.746038,-73.990518,677,FALSE,TRUE,0,0
"678",42430288,40.747277,-73.989617,678,FALSE,TRUE,0,0
"679",42430292,40.7478958,-73.9891568,679,FALSE,TRUE,0,0
"680",42430295,40.7485081,-73.9886948,680,FALSE,TRUE,0,0
"681",42430298,40.7491217,-73.9882353,681,FALSE,TRUE,6,0
"682",42430304,40.7497993,-73.9877404,682,FALSE,TRUE,0,0
"683",42430308,40.7504574,-73.9872874,683,FALSE,TRUE,0,0
"684",42430311,40.751088,-73.9868238,684,FALSE,TRUE,0,0
"685",42430314,40.7517,-73.986399,685,FALSE,TRUE,0,0
"686",42430317,40.752317,-73.985947,686,FALSE,TRUE,0,0
"687",42430320,40.7529437,-73.9854836,687,FALSE,TRUE,0,0
"688",42430324,40.7535585,-73.9850397,688,FALSE,TRUE,79,0
"689",42430329,40.754177,-73.984596,689,FALSE,TRUE,0,0
"690",42430333,40.754842,-73.984118,690,FALSE,TRUE,0,118
"691",42430338,40.755516,-73.983624,691,FALSE,TRUE,0,0
"692",42430342,40.7561421,-73.9831665,692,FALSE,TRUE,0,0
"693",42430344,40.7567712,-73.9827118,693,FALSE,TRUE,0,0
"694",42430347,40.7573902,-73.9822537,694,FALSE,TRUE,0,0
"695",42430350,40.7580163,-73.9817975,695,FALSE,TRUE,0,0
"696",42430352,40.758645,-73.981341,696,FALSE,TRUE,0,0
"697",42430356,40.7592744,-73.9808828,697,FALSE,TRUE,0,0
"698",42430358,40.7599106,-73.9804176,698,FALSE,TRUE,0,0
"699",42430361,40.7605248,-73.9799722,699,FALSE,TRUE,0,0
"700",42430363,40.7611565,-73.9795126,700,FALSE,TRUE,0,0
"701",42430367,40.7617737,-73.9790635,701,FALSE,TRUE,0,0
"702",42430371,40.7623991,-73.9786085,702,FALSE,TRUE,0,0
"703",42430375,40.7630416,-73.978141,703,FALSE,TRUE,0,0
"704",42430378,40.7636495,-73.977693,704,FALSE,TRUE,0,0
"705",42430384,40.764324,-73.977196,705,FALSE,TRUE,0,0
"706",42430390,40.7650041,-73.9767052,706,FALSE,TRUE,0,0
"707",42430394,40.7656797,-73.976244,707,FALSE,TRUE,0,0
"708",42430468,40.7283967,-74.0030772,708,FALSE,TRUE,0,0
"709",42430474,40.7910474,-73.9513807,709,FALSE,FALSE,0,0
"710",42430477,40.7903128,-73.9496374,710,FALSE,FALSE,0,0
"711",42430479,40.7896902,-73.9481549,711,FALSE,FALSE,0,0
"712",42430482,40.7890006,-73.9465498,712,FALSE,FALSE,0,0
"713",42430485,40.7880579,-73.9443285,713,FALSE,FALSE,0,0
"714",42430488,40.7870603,-73.9419364,714,FALSE,FALSE,0,0
"715",42430519,40.7174635,-74.0106317,715,FALSE,TRUE,0,0
"716",42430521,40.7174024,-74.0100927,716,FALSE,TRUE,0,0
"717",42430529,40.7172754,-74.0090579,717,FALSE,TRUE,0,0
"718",42430535,40.7141387,-74.0034162,718,FALSE,TRUE,0,0
"719",42430540,40.7145667,-74.0040023,719,FALSE,TRUE,0,0
"720",42430550,40.716013,-74.0070959,720,FALSE,TRUE,0,0
"721",42430557,40.7166018,-74.0083657,721,FALSE,TRUE,0,0
"722",42430571,40.716928,-74.0091078,722,FALSE,TRUE,0,0
"723",42430589,40.7488871,-74.0070034,723,FALSE,TRUE,0,0
"724",42430594,40.7501781,-74.0060705,724,FALSE,TRUE,0,0
"725",42430597,40.7507922,-74.0056246,725,FALSE,TRUE,0,0
"726",42430600,40.7514035,-74.0051771,726,FALSE,TRUE,0,0
"727",42430603,40.7520312,-74.0047222,727,FALSE,TRUE,0,0
"728",42430607,40.7532765,-74.0038197,728,FALSE,TRUE,0,0
"729",42430629,40.7551246,-74.0024796,729,FALSE,TRUE,0,0
"730",42430633,40.7557816,-74.0019763,730,FALSE,TRUE,0,0
"731",42430639,40.7564426,-74.0014797,731,FALSE,TRUE,0,0
"732",42430643,40.7570547,-74.0010329,732,FALSE,TRUE,0,0
"733",42430646,40.7576744,-74.0005846,733,FALSE,TRUE,0,0
"734",42430651,40.7582961,-74.0001285,734,FALSE,TRUE,0,0
"735",42430664,40.7595545,-73.9992994,735,FALSE,TRUE,0,0
"736",42430669,40.7601736,-73.9988397,736,FALSE,TRUE,0,0
"737",42430673,40.7608557,-73.9983473,737,FALSE,TRUE,0,0
"738",42430677,40.7614939,-73.9978087,738,FALSE,TRUE,0,0
"739",42430680,40.7621145,-73.9973436,739,FALSE,TRUE,0,0
"740",42430685,40.7627398,-73.99689,740,FALSE,TRUE,0,0
"741",42430688,40.7633667,-73.9964368,741,FALSE,TRUE,0,0
"742",42430691,40.7639924,-73.9959815,742,FALSE,TRUE,0,0
"743",42430694,40.7646184,-73.9955216,743,FALSE,TRUE,0,0
"744",42430698,40.7652498,-73.995066,744,FALSE,TRUE,0,0
"745",42430704,40.765878,-73.9946061,745,FALSE,TRUE,0,0
"746",42430707,40.7664978,-73.9941564,746,FALSE,TRUE,0,0
"747",42430713,40.767131,-73.9936874,747,FALSE,TRUE,0,0
"748",42430722,40.767752,-73.9932376,748,FALSE,TRUE,0,0
"749",42430736,40.76837,-73.992786,749,FALSE,TRUE,0,0
"750",42430739,40.769017,-73.9923216,750,FALSE,TRUE,0,0
"751",42430742,40.7696336,-73.9918836,751,FALSE,TRUE,0,0
"752",42430745,40.7703169,-73.9913932,752,FALSE,TRUE,0,0
"753",42430747,40.7709867,-73.9909124,753,FALSE,TRUE,0,0
"754",42430749,40.7716133,-73.9904508,754,FALSE,TRUE,0,0
"755",42430761,40.7294638,-74.0051849,755,FALSE,TRUE,0,0
"756",42430770,40.730321,-74.004688,756,FALSE,TRUE,0,0
"757",42430782,40.730719,-74.00446,757,FALSE,TRUE,0,0
"758",42430791,40.7311289,-74.0042257,758,FALSE,TRUE,0,98
"759",42430796,40.7318924,-74.0037892,759,FALSE,TRUE,0,0
"760",42430803,40.7332265,-74.0030292,760,FALSE,TRUE,0,0
"761",42430805,40.7336094,-74.0028114,761,FALSE,TRUE,0,0
"762",42430811,40.7343413,-74.002395,762,FALSE,TRUE,0,0
"763",42430813,40.7350811,-74.0019681,763,FALSE,TRUE,0,0
"764",42430818,40.7355352,-74.0016967,764,FALSE,TRUE,0,0
"765",42430824,40.7357944,-74.0015452,765,FALSE,TRUE,0,0
"766",42430828,40.7365975,-74.0011098,766,FALSE,TRUE,0,0
"767",42430848,40.7094179,-74.0051228,767,FALSE,TRUE,0,0
"768",42430857,40.7334469,-73.9955052,768,FALSE,TRUE,145,0
"769",42430861,40.732731,-73.993814,769,FALSE,TRUE,0,0
"770",42430872,40.7312807,-73.9903509,770,FALSE,TRUE,0,0
"771",42430886,40.7307238,-73.9890529,771,FALSE,TRUE,0,0
"772",42430898,40.729779,-73.986812,772,FALSE,TRUE,0,0
"773",42430903,40.7287826,-73.9844396,773,FALSE,TRUE,0,0
"774",42430914,40.727846,-73.982228,774,FALSE,TRUE,0,0
"775",42430924,40.726866,-73.979906,775,FALSE,TRUE,0,0
"776",42430938,40.7258829,-73.9775364,776,FALSE,TRUE,0,0
"777",42430942,40.724877,-73.975164,777,FALSE,TRUE,0,0
"778",42430945,40.7241903,-73.9735341,778,FALSE,TRUE,0,0
"779",42430951,40.850645,-73.937365,779,FALSE,FALSE,0,0
"780",42430973,40.7178087,-73.9753161,780,FALSE,TRUE,0,0
"781",42430981,40.7734893,-73.9890814,781,FALSE,TRUE,0,0
"782",42430983,40.7741192,-73.9886248,782,FALSE,TRUE,0,0
"783",42430984,40.7747427,-73.9881703,783,FALSE,TRUE,0,0
"784",42430985,40.7753738,-73.9877137,784,FALSE,FALSE,0,0
"785",42430989,40.7760235,-73.9872396,785,FALSE,FALSE,0,0
"786",42431000,40.7784773,-73.9854454,786,FALSE,FALSE,0,0
"787",42431002,40.7791258,-73.9849751,787,FALSE,FALSE,0,0
"788",42431004,40.7798127,-73.9844806,788,FALSE,FALSE,0,0
"789",42431005,40.7804948,-73.9839842,789,FALSE,FALSE,0,0
"790",42431007,40.7811287,-73.9835232,790,FALSE,FALSE,0,0
"791",42431008,40.7817655,-73.9830559,791,FALSE,FALSE,0,0
"792",42431009,40.7824008,-73.9825964,792,FALSE,FALSE,0,0
"793",42431015,40.7830455,-73.9821238,793,FALSE,FALSE,0,0
"794",42431019,40.7843536,-73.9811697,794,FALSE,FALSE,0,0
"795",42431024,40.7856725,-73.9802092,795,FALSE,FALSE,0,0
"796",42431027,40.786304,-73.9797464,796,FALSE,FALSE,0,0
"797",42431030,40.7869367,-73.979288,797,FALSE,FALSE,0,0
"798",42431034,40.7882037,-73.9783631,798,FALSE,FALSE,0,0
"799",42431037,40.7888916,-73.9778597,799,FALSE,FALSE,0,0
"800",42431039,40.7895635,-73.9773679,800,FALSE,FALSE,0,0
"801",42431044,40.7901949,-73.9769096,801,FALSE,FALSE,0,0
"802",42431057,40.7914429,-73.9759966,802,FALSE,FALSE,0,0
"803",42431067,40.7920832,-73.9755293,803,FALSE,FALSE,0,0
"804",42431078,40.7927,-73.9750829,804,FALSE,FALSE,0,0
"805",42431089,40.7933289,-73.9746223,805,FALSE,FALSE,0,0
"806",42431094,40.7939557,-73.9741657,806,FALSE,FALSE,0,0
"807",42431096,40.794589,-73.9737051,807,FALSE,FALSE,0,0
"808",42431099,40.7952567,-73.9732163,808,FALSE,FALSE,0,0
"809",42431102,40.7959381,-73.972717,809,FALSE,FALSE,0,0
"810",42431104,40.7965612,-73.9722665,810,FALSE,FALSE,0,0
"811",42431106,40.7971932,-73.9718028,811,FALSE,FALSE,0,0
"812",42431107,40.7978263,-73.9713433,812,FALSE,FALSE,0,0
"813",42431108,40.7984503,-73.970885,813,FALSE,FALSE,0,0
"814",42431111,40.7990793,-73.9704265,814,FALSE,FALSE,0,0
"815",42431113,40.799705,-73.9699722,815,FALSE,FALSE,0,0
"816",42431116,40.8003353,-73.9695103,816,FALSE,FALSE,0,0
"817",42431118,40.8009668,-73.9690527,817,FALSE,FALSE,0,0
"818",42431121,40.8023404,-73.9681138,818,FALSE,FALSE,0,0
"819",42431151,40.7396572,-74.0063902,819,FALSE,TRUE,0,0
"820",42431154,40.7402946,-74.0079644,820,FALSE,TRUE,0,0
"821",42431156,40.7407313,-74.00896,821,FALSE,TRUE,0,0
"822",42431165,40.7272967,-73.9936333,822,FALSE,TRUE,0,0
"823",42431168,40.7264167,-73.9918576,823,FALSE,TRUE,0,0
"824",42431177,40.860956,-73.926502,824,FALSE,FALSE,0,0
"825",42431180,40.863614,-73.928206,825,FALSE,FALSE,0,0
"826",42431186,40.8039853,-73.9603251,826,FALSE,FALSE,0,0
"827",42431193,40.8068579,-73.9671331,827,FALSE,FALSE,0,0
"828",42431200,40.800073,-73.9510373,828,FALSE,FALSE,0,0
"829",42431201,40.8006859,-73.9525112,829,FALSE,FALSE,0,0
"830",42431203,40.801325,-73.9540205,830,FALSE,FALSE,0,0
"831",42431207,40.8024899,-73.9567756,831,FALSE,FALSE,0,0
"832",42431210,40.8031025,-73.9582337,832,FALSE,FALSE,0,0
"833",42431228,40.869459,-73.922343,833,FALSE,FALSE,0,0
"834",42431230,40.86915,-73.922145,834,FALSE,FALSE,0,0
"835",42431234,40.868509,-73.9217178,835,FALSE,FALSE,0,0
"836",42431242,40.866759,-73.920612,836,FALSE,FALSE,0,0
"837",42431252,40.864809,-73.919362,837,FALSE,FALSE,0,0
"838",42431257,40.8644793,-73.9189398,838,FALSE,FALSE,0,0
"839",42431260,40.8636939,-73.9170603,839,FALSE,FALSE,0,0
"840",42431273,40.7315444,-74.0049377,840,FALSE,TRUE,0,0
"841",42431275,40.7316248,-74.0060166,841,FALSE,TRUE,0,0
"842",42431293,40.7917087,-73.962752,842,FALSE,FALSE,0,0
"843",42431447,40.7878716,-73.9674683,843,FALSE,FALSE,0,0
"844",42431452,40.735321,-73.9898548,844,FALSE,TRUE,0,0
"845",42431453,40.7346549,-73.9882789,845,FALSE,TRUE,0,0
"846",42431459,40.7339789,-73.9866821,846,FALSE,TRUE,0,0
"847",42431461,40.733372,-73.985242,847,FALSE,TRUE,0,0
"848",42431464,40.733033,-73.984441,848,FALSE,TRUE,0,0
"849",42431467,40.732699,-73.983646,849,FALSE,TRUE,0,0
"850",42431470,40.7320287,-73.982061,850,FALSE,TRUE,0,0
"851",42431482,40.7291406,-73.9751903,851,FALSE,TRUE,0,0
"852",42431490,40.736691,-73.99312,852,FALSE,TRUE,0,0
"853",42431497,40.7387661,-74.0034031,853,FALSE,TRUE,0,0
"854",42431500,40.7387561,-74.00386,854,FALSE,TRUE,0,0
"855",42431503,40.7387641,-74.0055102,855,FALSE,TRUE,0,0
"856",42431505,40.7387622,-74.00646,856,FALSE,TRUE,0,79
"857",42431508,40.738759,-74.008103,857,FALSE,TRUE,0,0
"858",42431517,40.729344,-74.003657,858,FALSE,TRUE,0,0
"859",42431519,40.7298634,-74.0039573,859,FALSE,TRUE,0,0
"860",42431524,40.730447,-74.004303,860,FALSE,TRUE,0,0
"861",42431528,40.7310034,-74.0046246,861,FALSE,TRUE,0,0
"862",42431531,40.7318361,-74.0051065,862,FALSE,TRUE,0,0
"863",42431536,40.7324485,-74.005461,863,FALSE,TRUE,0,0
"864",42431544,40.7622903,-73.9744717,864,FALSE,TRUE,0,127
"865",42431549,40.7648393,-73.9805314,865,FALSE,TRUE,0,0
"866",42431556,40.7660319,-73.9833766,866,FALSE,TRUE,0,0
"867",42431560,40.7672471,-73.9862074,867,FALSE,TRUE,0,0
"868",42431563,40.7684455,-73.9890489,868,FALSE,TRUE,0,0
"869",42431602,40.7134819,-74.0048174,869,FALSE,TRUE,0,0
"870",42431611,40.7149352,-74.0079521,870,FALSE,TRUE,0,0
"871",42431614,40.7155224,-74.0092214,871,FALSE,TRUE,0,0
"872",42431617,40.7163041,-74.0109232,872,FALSE,TRUE,0,0
"873",42431626,40.7171351,-74.0127568,873,FALSE,TRUE,0,0
"874",42431629,40.7176174,-74.0138209,874,FALSE,TRUE,0,0
"875",42431630,40.7177392,-74.0140898,875,FALSE,TRUE,0,0
"876",42431643,40.8266537,-73.9430556,876,FALSE,FALSE,0,0
"877",42431649,40.767394,-73.970728,877,FALSE,TRUE,0,0
"878",42431650,40.7667187,-73.969127,878,FALSE,TRUE,0,0
"879",42431652,40.7660116,-73.9674335,879,FALSE,TRUE,0,0
"880",42431654,40.7653629,-73.965901,880,FALSE,TRUE,0,0
"881",42431656,40.7646823,-73.9642995,881,FALSE,TRUE,0,0
"882",42431659,40.7637382,-73.9620616,882,FALSE,FALSE,0,0
"883",42431661,40.7627398,-73.9596948,883,FALSE,FALSE,0,0
"884",42431666,40.8678058,-73.9300052,884,FALSE,FALSE,0,0
"885",42431671,40.769901,-73.968904,885,FALSE,TRUE,0,0
"886",42431674,40.7692257,-73.9673032,886,FALSE,TRUE,0,0
"887",42431677,40.7685108,-73.9656086,887,FALSE,TRUE,0,0
"888",42431678,40.7678647,-73.9640765,888,FALSE,TRUE,0,0
"889",42431680,40.767188,-73.9624718,889,FALSE,FALSE,0,0
"890",42431681,40.7662419,-73.9602285,890,FALSE,FALSE,0,0
"891",42431684,40.7652359,-73.9578431,891,FALSE,FALSE,0,0
"892",42431773,40.7303374,-74.0024762,892,FALSE,TRUE,0,0
"893",42431777,40.730922,-74.0028182,893,FALSE,TRUE,0,0
"894",42431785,40.7314683,-74.0031289,894,FALSE,TRUE,0,0
"895",42431789,40.7317466,-74.0032895,895,FALSE,TRUE,0,0
"896",42431797,40.732925,-74.0039756,896,FALSE,TRUE,0,0
"897",42431802,40.7333991,-74.0042514,897,FALSE,TRUE,0,0
"898",42431804,40.73401,-74.004561,898,FALSE,TRUE,0,0
"899",42431805,40.7346517,-74.0047458,899,FALSE,TRUE,0,0
"900",42431812,40.7352971,-74.0049302,900,FALSE,TRUE,0,0
"901",42431814,40.7359654,-74.0051271,901,FALSE,TRUE,0,0
"902",42431822,40.7254628,-73.9930421,902,FALSE,TRUE,0,0
"903",42431868,40.7049939,-74.0115415,903,FALSE,TRUE,0,0
"904",42431875,40.7042166,-74.0115763,904,FALSE,TRUE,0,0
"905",42431877,40.7040261,-74.0115861,905,FALSE,TRUE,0,0
"906",42431889,40.7034746,-74.0115948,906,FALSE,TRUE,0,0
"907",42431898,40.7029659,-74.0115133,907,FALSE,TRUE,68,0
"908",42431902,40.7017865,-74.0111627,908,FALSE,TRUE,76,0
"909",42431990,40.7127279,-73.9979893,909,FALSE,TRUE,0,0
"910",42431992,40.7119737,-73.9977759,910,FALSE,TRUE,0,0
"911",42432000,40.7132012,-73.9838868,911,FALSE,TRUE,0,0
"912",42432002,40.7113179,-73.9836161,912,FALSE,TRUE,0,0
"913",42432054,40.7221825,-73.9908948,913,FALSE,TRUE,0,0
"914",42432057,40.7216851,-73.9892792,914,FALSE,TRUE,0,0
"915",42432060,40.7216145,-73.9890209,915,FALSE,TRUE,0,0
"916",42432063,40.7214626,-73.9885157,916,FALSE,TRUE,0,0
"917",42432066,40.7212346,-73.9877644,917,FALSE,TRUE,124,0
"918",42432068,40.7209878,-73.986948,918,FALSE,TRUE,0,0
"919",42432071,40.7207483,-73.986157,919,FALSE,TRUE,0,0
"920",42432073,40.7204937,-73.9853164,920,FALSE,TRUE,0,0
"921",42432075,40.7202373,-73.9844697,921,FALSE,TRUE,0,0
"922",42432078,40.7197245,-73.9827973,922,FALSE,TRUE,0,0
"923",42432082,40.7228307,-73.9931529,923,FALSE,TRUE,0,0
"924",42432083,40.7224082,-73.9916591,924,FALSE,TRUE,0,118
"925",42432085,40.71907,-73.99336,925,FALSE,TRUE,0,0
"926",42432091,40.7163967,-73.9845346,926,FALSE,TRUE,0,0
"927",42432094,40.7168982,-73.986194,927,FALSE,TRUE,0,0
"928",42432095,40.7171547,-73.9870412,928,FALSE,TRUE,0,0
"929",42432097,40.717409,-73.987879,929,FALSE,TRUE,0,0
"930",42432099,40.71765,-73.988671,930,FALSE,TRUE,0,0
"931",42432102,40.7178944,-73.9894779,931,FALSE,TRUE,0,0
"932",42432103,40.7181237,-73.9902319,932,FALSE,TRUE,0,0
"933",42432105,40.7182673,-73.99071,933,FALSE,TRUE,0,0
"934",42432108,40.7183505,-73.9909824,934,FALSE,TRUE,0,0
"935",42432111,40.7188476,-73.9926119,935,FALSE,TRUE,0,0
"936",42432127,40.724055,-74.00438,936,FALSE,TRUE,0,0
"937",42432135,40.723682,-74.003635,937,FALSE,TRUE,0,0
"938",42432142,40.7233191,-74.0029712,938,FALSE,TRUE,0,0
"939",42432148,40.7229283,-74.0021754,939,FALSE,TRUE,0,0
"940",42432152,40.7225511,-74.0014071,940,FALSE,TRUE,0,0
"941",42432156,40.7221828,-74.0006571,941,FALSE,TRUE,0,0
"942",42432161,40.721421,-73.999031,942,FALSE,TRUE,0,0
"943",42432165,40.721063,-73.998196,943,FALSE,TRUE,0,0
"944",42432171,40.7207098,-73.9973457,944,FALSE,TRUE,0,0
"945",42432174,40.7205052,-73.9968362,945,FALSE,TRUE,0,0
"946",42432178,40.7201804,-73.9960274,946,FALSE,TRUE,0,0
"947",42432181,40.7198711,-73.9952571,947,FALSE,TRUE,0,0
"948",42432184,40.7194555,-73.994384,948,FALSE,TRUE,0,0
"949",42432191,40.7340688,-73.9996618,949,FALSE,TRUE,0,0
"950",42432194,40.734688,-73.999973,950,FALSE,TRUE,0,0
"951",42432199,40.7353213,-74.0003548,951,FALSE,TRUE,0,0
"952",42432201,40.735926,-74.000722,952,FALSE,TRUE,0,0
"953",42432205,40.737168,-74.001463,953,FALSE,TRUE,0,0
"954",42432208,40.7376609,-74.001755,954,FALSE,TRUE,0,0
"955",42432211,40.7381296,-74.0020342,955,FALSE,TRUE,0,0
"956",42432214,40.739375,-74.0027775,956,FALSE,TRUE,0,0
"957",42432218,40.8381008,-73.9362457,957,FALSE,FALSE,0,0
"958",42432220,40.838668,-73.93665,958,FALSE,FALSE,0,0
"959",42432223,40.8394631,-73.9372062,959,FALSE,FALSE,0,0
"960",42432226,40.8398976,-73.9388015,960,FALSE,FALSE,0,0
"961",42432228,40.8402585,-73.9396778,961,FALSE,FALSE,0,0
"962",42432238,40.7145118,-73.9987971,962,FALSE,TRUE,0,0
"963",42432241,40.714995,-73.998866,963,FALSE,TRUE,0,61
"964",42432244,40.7156303,-73.9984926,964,FALSE,TRUE,0,0
"965",42432246,40.7168256,-73.9977531,965,FALSE,TRUE,0,0
"966",42432250,40.7178782,-73.9971031,966,FALSE,TRUE,0,0
"967",42432282,40.7190623,-73.9964715,967,FALSE,TRUE,0,0
"968",42432302,40.7216242,-73.9954604,968,FALSE,TRUE,0,86
"969",42432305,40.723036,-73.994909,969,FALSE,TRUE,0,0
"970",42432308,40.7247637,-73.9941491,970,FALSE,TRUE,0,0
"971",42432352,40.797101,-73.9490776,971,FALSE,FALSE,0,0
"972",42432376,40.7967335,-73.9488554,972,FALSE,FALSE,0,0
"973",42432395,40.7966362,-73.9494082,973,FALSE,FALSE,0,0
"974",42432436,40.7528159,-73.9813803,974,FALSE,TRUE,0,0
"975",42432438,40.7521404,-73.9797786,975,FALSE,TRUE,0,0
"976",42432444,40.7507711,-73.9765292,976,FALSE,TRUE,0,0
"977",42432451,40.7501096,-73.9749369,977,FALSE,TRUE,0,30
"978",42432458,40.7497424,-73.9740722,978,FALSE,TRUE,0,0
"979",42432464,40.7491639,-73.9727006,979,FALSE,TRUE,0,0
"980",42432540,40.7484102,-73.9709247,980,FALSE,TRUE,0,0
"981",42432556,40.7769031,-73.9754712,981,FALSE,FALSE,0,0
"982",42432558,40.7781042,-73.9783086,982,FALSE,FALSE,0,0
"983",42432564,40.779284,-73.9811164,983,FALSE,FALSE,0,0
"984",42432572,40.7810707,-73.9853731,984,FALSE,FALSE,0,0
"985",42432580,40.7579096,-73.9776624,985,FALSE,TRUE,0,0
"986",42432585,40.7604633,-73.9837062,986,FALSE,TRUE,0,0
"987",42432589,40.7616677,-73.9865661,987,FALSE,TRUE,0,0
"988",42432594,40.7628617,-73.9894017,988,FALSE,TRUE,0,0
"989",42432598,40.7640575,-73.9922415,989,FALSE,TRUE,41,0
"990",42432659,40.8204537,-73.9362503,990,FALSE,FALSE,0,0
"991",42432665,40.8211205,-73.9357508,991,FALSE,FALSE,0,0
"992",42432669,40.8217395,-73.9352815,992,FALSE,FALSE,0,0
"993",42432679,40.7058008,-74.0098642,993,FALSE,TRUE,0,0
"994",42432693,40.7554134,-73.9794895,994,FALSE,TRUE,0,0
"995",42432700,40.7591595,-73.9883858,995,FALSE,TRUE,0,0
"996",42432703,40.7603553,-73.9912267,996,FALSE,TRUE,0,0
"997",42432706,40.7615516,-73.9940688,997,FALSE,TRUE,0,0
"998",42432720,40.859573,-73.91911,998,FALSE,FALSE,0,0
"999",42432722,40.859898,-73.919846,999,FALSE,FALSE,0,0
"1000",42432736,40.7987264,-73.9595472,1000,FALSE,FALSE,0,0
"1001",42432737,40.7993269,-73.9609798,1001,FALSE,FALSE,0,0
"1002",42432744,40.7999177,-73.962392,1002,FALSE,FALSE,0,0
"1003",42432756,40.8011071,-73.9651957,1003,FALSE,FALSE,0,0
"1004",42432764,40.802938,-73.96956,1004,FALSE,FALSE,0,0
"1005",42432785,40.8615543,-73.9247102,1005,FALSE,FALSE,0,0
"1006",42432789,40.8625949,-73.9253818,1006,FALSE,FALSE,0,0
"1007",42432795,40.8645441,-73.9266364,1007,FALSE,FALSE,0,0
"1008",42432799,40.8661784,-73.9280465,1008,FALSE,FALSE,0,0
"1009",42432802,40.866743,-73.928722,1009,FALSE,FALSE,0,0
"1010",42432805,40.8672563,-73.9293463,1010,FALSE,FALSE,0,0
"1011",42432818,40.7629723,-73.9739744,1011,FALSE,TRUE,0,0
"1012",42432825,40.7622945,-73.9723653,1012,FALSE,TRUE,0,0
"1013",42432834,40.7615775,-73.970671,1013,FALSE,TRUE,0,0
"1014",42432847,40.7609304,-73.9691328,1014,FALSE,TRUE,0,0
"1015",42432856,40.7602748,-73.9675757,1015,FALSE,TRUE,0,0
"1016",42432861,40.7593168,-73.9653081,1016,FALSE,TRUE,0,0
"1017",42432871,40.7573667,-73.9606728,1017,FALSE,FALSE,0,0
"1018",42432875,40.7571963,-73.9602633,1018,FALSE,FALSE,0,0
"1019",42432882,40.872249,-73.919458,1019,FALSE,FALSE,0,0
"1020",42432889,40.8032537,-73.952608,1020,FALSE,FALSE,0,0
"1021",42432894,40.8041987,-73.9527337,1021,FALSE,FALSE,0,0
"1022",42432897,40.8050309,-73.9527655,1022,FALSE,FALSE,0,0
"1023",42432900,40.805867,-73.9528064,1023,FALSE,FALSE,0,0
"1024",42432905,40.8075507,-73.9529047,1024,FALSE,FALSE,0,0
"1025",42432917,40.8083967,-73.9529558,1025,FALSE,FALSE,0,0
"1026",42432926,40.8092377,-73.953005,1026,FALSE,FALSE,0,0
"1027",42432928,40.8101047,-73.9531089,1027,FALSE,FALSE,0,0
"1028",42432929,40.8107673,-73.9525905,1028,FALSE,FALSE,0,0
"1029",42432931,40.811442,-73.952101,1029,FALSE,FALSE,0,0
"1030",42432932,40.8120151,-73.9515008,1030,FALSE,FALSE,0,0
"1031",42432933,40.812575,-73.950927,1031,FALSE,FALSE,0,0
"1032",42432936,40.813159,-73.95035,1032,FALSE,FALSE,0,0
"1033",42432949,40.815692,-73.948677,1033,FALSE,FALSE,0,0
"1034",42432950,40.816374,-73.948356,1034,FALSE,FALSE,0,0
"1035",42432954,40.8178547,-73.9476667,1035,FALSE,FALSE,0,0
"1036",42432955,40.8185359,-73.9473494,1036,FALSE,FALSE,0,0
"1037",42432956,40.8192188,-73.9470312,1037,FALSE,FALSE,0,0
"1038",42432957,40.819903,-73.9467125,1038,FALSE,FALSE,0,0
"1039",42432960,40.8205827,-73.9463959,1039,FALSE,FALSE,0,0
"1040",42432961,40.8212637,-73.9460787,1040,FALSE,FALSE,0,0
"1041",42432963,40.8240402,-73.9447637,1041,FALSE,FALSE,0,0
"1042",42432967,40.825332,-73.943813,1042,FALSE,FALSE,0,0
"1043",42432970,40.825956,-73.943357,1043,FALSE,FALSE,0,0
"1044",42432974,40.8273441,-73.9427817,1044,FALSE,FALSE,0,0
"1045",42432980,40.8294451,-73.9419432,1045,FALSE,FALSE,0,0
"1046",42432983,40.83016,-73.941667,1046,FALSE,FALSE,0,0
"1047",42432985,40.830891,-73.941368,1047,FALSE,FALSE,0,0
"1048",42432990,40.8323747,-73.9408792,1048,FALSE,FALSE,0,0
"1049",42432992,40.833098,-73.940653,1049,FALSE,FALSE,0,0
"1050",42432994,40.833786,-73.94036,1050,FALSE,FALSE,0,0
"1051",42432999,40.8344923,-73.940048,1051,FALSE,FALSE,0,0
"1052",42433011,40.8350754,-73.9397872,1052,FALSE,FALSE,0,0
"1053",42433014,40.8358221,-73.9398835,1053,FALSE,FALSE,0,0
"1054",42433017,40.8361153,-73.9400362,1054,FALSE,FALSE,0,0
"1055",42433020,40.8369673,-73.9401365,1055,FALSE,FALSE,0,0
"1056",42433024,40.837714,-73.939994,1056,FALSE,FALSE,0,0
"1057",42433027,40.8385135,-73.9398455,1057,FALSE,FALSE,0,0
"1058",42433030,40.8395698,-73.9398826,1058,FALSE,FALSE,0,0
"1059",42433035,40.8409552,-73.9394727,1059,FALSE,FALSE,0,0
"1060",42433041,40.8422438,-73.9388621,1060,FALSE,FALSE,0,0
"1061",42433043,40.8429055,-73.9384302,1061,FALSE,FALSE,0,0
"1062",42433044,40.843501,-73.937982,1062,FALSE,FALSE,0,0
"1063",42433046,40.844788,-73.937043,1063,FALSE,FALSE,0,0
"1064",42433057,40.845434,-73.93657,1064,FALSE,FALSE,0,0
"1065",42433058,40.846105,-73.936078,1065,FALSE,FALSE,0,0
"1066",42433060,40.846727,-73.935622,1066,FALSE,FALSE,0,0
"1067",42433062,40.847358,-73.935172,1067,FALSE,FALSE,0,0
"1068",42433064,40.8479996,-73.9346943,1068,FALSE,FALSE,0,0
"1069",42433066,40.849321,-73.933731,1069,FALSE,FALSE,0,0
"1070",42433068,40.849895,-73.93331,1070,FALSE,FALSE,0,0
"1071",42433069,40.850506,-73.932861,1071,FALSE,FALSE,0,0
"1072",42433072,40.851095,-73.932433,1072,FALSE,FALSE,0,0
"1073",42433075,40.851696,-73.931995,1073,FALSE,FALSE,0,0
"1074",42433077,40.85238,-73.931495,1074,FALSE,FALSE,0,0
"1075",42433080,40.853062,-73.930996,1075,FALSE,FALSE,0,0
"1076",42433097,40.853685,-73.930539,1076,FALSE,FALSE,0,0
"1077",42433107,40.85431,-73.930082,1077,FALSE,FALSE,0,0
"1078",42433115,40.854908,-73.929644,1078,FALSE,FALSE,0,0
"1079",42433138,40.856606,-73.928411,1079,FALSE,FALSE,0,0
"1080",42433151,40.8568009,-73.928266,1080,FALSE,FALSE,0,0
"1081",42433161,40.7990263,-73.9524352,1081,FALSE,FALSE,0,0
"1082",42433163,40.7998583,-73.9524733,1082,FALSE,FALSE,0,0
"1083",42433165,40.8015271,-73.9525498,1083,FALSE,FALSE,0,0
"1084",42433173,40.802366,-73.9525882,1084,FALSE,FALSE,0,0
"1085",42433205,40.7081931,-74.0020637,1085,FALSE,TRUE,0,0
"1086",42433212,40.7077643,-74.0016856,1086,FALSE,TRUE,0,194
"1087",42433218,40.7072852,-74.0013158,1087,FALSE,TRUE,0,0
"1088",42433229,40.708846,-74.002503,1088,FALSE,TRUE,0,0
"1089",42433231,40.7082744,-74.0018996,1089,FALSE,TRUE,0,0
"1090",42433237,40.707871,-74.0014617,1090,FALSE,TRUE,0,0
"1091",42433243,40.7074377,-74.0010233,1091,FALSE,TRUE,0,0
"1092",42433252,40.7953672,-73.9694159,1092,FALSE,FALSE,0,0
"1093",42433256,40.7971483,-73.9736411,1093,FALSE,FALSE,0,0
"1094",42433260,40.733439,-74.001103,1094,FALSE,TRUE,0,0
"1095",42433261,40.733843,-74.001205,1095,FALSE,TRUE,0,0
"1096",42433264,40.734483,-74.001389,1096,FALSE,TRUE,83,0
"1097",42433269,40.7351323,-74.00158,1097,FALSE,TRUE,0,0
"1098",42433272,40.7357626,-74.0017616,1098,FALSE,TRUE,0,0
"1099",42433275,40.7364365,-74.0019538,1099,FALSE,TRUE,0,0
"1100",42433278,40.737066,-74.002136,1100,FALSE,TRUE,48,0
"1101",42433281,40.732215,-73.998612,1101,FALSE,TRUE,0,0
"1102",42433282,40.7332427,-74.0007095,1102,FALSE,TRUE,0,0
"1103",42433286,40.733706,-74.001613,1103,FALSE,TRUE,0,0
"1104",42433292,40.729978,-73.994064,1104,FALSE,TRUE,0,0
"1105",42433295,40.73035,-73.994822,1105,FALSE,TRUE,75,0
"1106",42433298,40.7307232,-73.9955715,1106,FALSE,TRUE,0,0
"1107",42433302,40.7113819,-73.9967699,1107,FALSE,TRUE,0,0
"1108",42433324,40.7097491,-73.9963799,1108,FALSE,TRUE,0,0
"1109",42433330,40.7079259,-74.0060233,1109,FALSE,TRUE,0,0
"1110",42433339,40.8322331,-73.9424802,1110,FALSE,FALSE,0,0
"1111",42433346,40.85623,-73.926863,1111,FALSE,FALSE,0,0
"1112",42433354,40.7318592,-73.9966451,1112,FALSE,TRUE,0,0
"1113",42433356,40.731209,-73.995119,1113,FALSE,TRUE,0,0
"1114",42433377,40.7846006,-73.9419442,1114,FALSE,FALSE,0,0
"1115",42433385,40.7836354,-73.9435282,1115,FALSE,FALSE,0,0
"1116",42433421,40.7797186,-73.9438959,1116,FALSE,FALSE,0,0
"1117",42433422,40.7792164,-73.9435413,1117,TRUE,FALSE,0,0
"1118",42433431,40.7949399,-73.9302797,1118,FALSE,FALSE,0,0
"1119",42433490,40.7852012,-73.9405145,1119,FALSE,FALSE,0,0
"1120",42433513,40.7887043,-73.9378563,1120,FALSE,FALSE,0,0
"1121",42433537,40.7134688,-73.9972984,1121,FALSE,TRUE,0,0
"1122",42433539,40.7136968,-73.9945593,1122,FALSE,TRUE,0,0
"1123",42433542,40.7137475,-73.9939452,1123,FALSE,TRUE,0,0
"1124",42433543,40.7138283,-73.9929765,1124,FALSE,TRUE,0,0
"1125",42433545,40.713869,-73.9924861,1125,FALSE,TRUE,0,0
"1126",42433550,40.7141849,-73.9886961,1126,FALSE,TRUE,0,0
"1127",42433551,40.714317,-73.9871695,1127,FALSE,TRUE,0,0
"1128",42433553,40.7144708,-73.9853265,1128,FALSE,TRUE,0,0
"1129",42433554,40.7145093,-73.9847081,1129,FALSE,TRUE,0,0
"1130",42433564,40.7827163,-73.971237,1130,FALSE,FALSE,0,0
"1131",42433565,40.7839166,-73.9740729,1131,FALSE,FALSE,0,0
"1132",42433567,40.7851032,-73.9768937,1132,FALSE,FALSE,0,0
"1133",42433569,40.7868921,-73.9812269,1133,FALSE,FALSE,0,0
"1134",42433573,40.7208693,-74.0039188,1134,FALSE,TRUE,0,0
"1135",42433574,40.721995,-74.002971,1135,FALSE,TRUE,73,0
"1136",42433577,40.724166,-74.001127,1136,FALSE,TRUE,0,0
"1137",42433578,40.725382,-74.000101,1137,FALSE,TRUE,0,111
"1138",42433581,40.7266087,-73.9990701,1138,FALSE,TRUE,0,11
"1139",42433587,40.7295629,-73.9965691,1139,FALSE,TRUE,0,0
"1140",42433604,40.7509597,-73.9827265,1140,FALSE,TRUE,0,0
"1141",42433611,40.7535034,-73.9887981,1141,FALSE,TRUE,0,0
"1142",42433620,40.754707,-73.991633,1142,FALSE,TRUE,0,0
"1143",42433625,40.7559104,-73.9944724,1143,FALSE,TRUE,0,0
"1144",42433644,40.7570936,-73.9973219,1144,FALSE,TRUE,0,0
"1145",42433712,40.7061729,-74.0179342,1145,FALSE,TRUE,0,0
"1146",42433715,40.7068458,-74.0175734,1146,FALSE,TRUE,0,0
"1147",42433718,40.7074717,-74.0171151,1147,FALSE,TRUE,0,0
"1148",42433743,40.7994668,-73.955363,1148,FALSE,FALSE,0,0
"1149",42433779,40.8173165,-73.9386193,1149,FALSE,FALSE,0,0
"1150",42433781,40.8185042,-73.9414703,1150,FALSE,FALSE,0,0
"1151",42433785,40.819674,-73.9442303,1151,FALSE,FALSE,0,0
"1152",42433789,40.820255,-73.945613,1152,FALSE,FALSE,0,0
"1153",42433797,40.8220613,-73.9499097,1153,FALSE,FALSE,0,0
"1154",42433800,40.8226586,-73.9513037,1154,FALSE,FALSE,0,0
"1155",42433811,40.824126,-73.95483,1155,FALSE,FALSE,0,0
"1156",42433821,40.7329507,-74.0018089,1156,FALSE,TRUE,13,0
"1157",42433822,40.7333766,-74.0025813,1157,FALSE,TRUE,0,0
"1158",42433834,40.7027177,-74.0122358,1158,FALSE,TRUE,0,0
"1159",42433927,40.7815194,-73.9627249,1159,FALSE,FALSE,0,0
"1160",42434072,40.7560373,-73.9790227,1160,FALSE,TRUE,0,0
"1161",42434074,40.7553621,-73.9774077,1161,FALSE,TRUE,0,0
"1162",42434077,40.7549885,-73.9765138,1162,FALSE,TRUE,76,0
"1163",42434085,40.7539937,-73.9741902,1163,FALSE,TRUE,0,0
"1164",42434087,40.7533265,-73.9725908,1164,FALSE,TRUE,0,0
"1165",42434090,40.752379,-73.970341,1165,FALSE,TRUE,0,0
"1166",42434092,40.7513685,-73.9679588,1166,FALSE,TRUE,0,0
"1167",42434097,40.8172259,-73.9522674,1167,FALSE,FALSE,0,0
"1168",42434098,40.8175891,-73.9531759,1168,FALSE,FALSE,0,0
"1169",42434101,40.818484,-73.9552918,1169,FALSE,FALSE,0,0
"1170",42434105,40.8200228,-73.9589033,1170,FALSE,FALSE,0,0
"1171",42434110,40.8127869,-73.9417352,1171,FALSE,FALSE,0,0
"1172",42434111,40.8140459,-73.9447305,1172,FALSE,FALSE,0,0
"1173",42434113,40.815207,-73.947489,1173,FALSE,FALSE,0,0
"1174",42434117,40.807089,-73.9417696,1174,FALSE,FALSE,0,0
"1175",42434122,40.8064085,-73.9401645,1175,FALSE,FALSE,0,0
"1176",42434129,40.8050563,-73.9369374,1176,FALSE,FALSE,0,0
"1177",42434131,40.8043912,-73.935333,1177,FALSE,FALSE,0,0
"1178",42434134,40.8034309,-73.9330784,1178,FALSE,FALSE,0,0
"1179",42434135,40.8025081,-73.9308738,1179,FALSE,FALSE,0,0
"1180",42434140,40.7295552,-73.9899044,1180,FALSE,TRUE,0,0
"1181",42434142,40.7286043,-73.9876651,1181,FALSE,TRUE,0,0
"1182",42434148,40.726666,-73.98309,1182,FALSE,TRUE,0,0
"1183",42434158,40.7871744,-73.9716995,1183,FALSE,FALSE,0,0
"1184",42434160,40.788361,-73.9745165,1184,FALSE,FALSE,0,0
"1185",42434161,40.7906175,-73.9798657,1185,FALSE,FALSE,0,0
"1186",42434165,40.7872265,-73.9562599,1186,FALSE,FALSE,0,0
"1187",42434166,40.7865547,-73.9546527,1187,FALSE,FALSE,0,0
"1188",42434168,40.7858454,-73.9529602,1188,FALSE,FALSE,0,0
"1189",42434169,40.7851972,-73.9514317,1189,FALSE,FALSE,0,0
"1190",42434172,40.7845271,-73.9498372,1190,FALSE,FALSE,0,0
"1191",42434175,40.7835688,-73.947588,1191,FALSE,FALSE,0,0
"1192",42434179,40.7825675,-73.9452196,1192,FALSE,FALSE,0,0
"1193",42434196,40.72894,-73.9903444,1193,FALSE,TRUE,0,0
"1194",42434197,40.7287055,-73.9897979,1194,FALSE,TRUE,0,0
"1195",42434201,40.7279851,-73.9881196,1195,FALSE,TRUE,0,45
"1196",42434205,40.726988,-73.985753,1196,FALSE,TRUE,0,0
"1197",42434215,40.7260512,-73.9835308,1197,FALSE,TRUE,0,0
"1198",42434226,40.725073,-73.981211,1198,FALSE,TRUE,0,0
"1199",42434233,40.7240764,-73.9788469,1199,FALSE,TRUE,0,0
"1200",42434237,40.723078,-73.976477,1200,FALSE,TRUE,0,0
"1201",42434246,40.8216757,-73.9391536,1201,FALSE,FALSE,0,0
"1202",42434249,40.8228413,-73.9419205,1202,FALSE,FALSE,0,0
"1203",42434251,40.8232628,-73.94292,1203,FALSE,FALSE,0,0
"1204",42434255,40.823655,-73.9438503,1204,FALSE,FALSE,0,0
"1205",42434259,40.8246596,-73.946223,1205,FALSE,FALSE,0,0
"1206",42434262,40.825238,-73.9475961,1206,FALSE,FALSE,0,0
"1207",42434264,40.8270794,-73.9519791,1207,FALSE,FALSE,0,0
"1208",42434268,40.7408858,-73.9900833,1208,FALSE,TRUE,0,0
"1209",42434270,40.7434315,-73.9961302,1209,FALSE,TRUE,0,0
"1210",42434271,40.74463,-73.9989693,1210,FALSE,TRUE,0,0
"1211",42434279,40.7458555,-74.0018592,1211,FALSE,TRUE,0,0
"1212",42434285,40.747023,-74.004653,1212,FALSE,TRUE,0,0
"1213",42434306,40.8242206,-73.9373,1213,FALSE,FALSE,0,0
"1214",42434308,40.825379,-73.940054,1214,FALSE,FALSE,0,0
"1215",42434314,40.8257967,-73.9410462,1215,FALSE,FALSE,0,0
"1216",42434338,40.8271966,-73.9443629,1216,FALSE,FALSE,0,0
"1217",42434340,40.8277796,-73.9457333,1217,FALSE,FALSE,0,0
"1218",42434343,40.8296073,-73.9500781,1218,FALSE,FALSE,0,0
"1219",42434352,40.7339642,-73.988777,1219,FALSE,TRUE,0,136
"1220",42434354,40.7352924,-73.9878179,1220,FALSE,TRUE,0,0
"1221",42434355,40.7358767,-73.9873953,1221,FALSE,TRUE,0,0
"1222",42434357,40.7364685,-73.9869673,1222,FALSE,TRUE,0,0
"1223",42434358,40.7370531,-73.9865444,1223,FALSE,TRUE,0,0
"1224",42434360,40.7376394,-73.9861204,1224,FALSE,TRUE,0,0
"1225",42434361,40.8147543,-73.9402901,1225,FALSE,FALSE,0,0
"1226",42434370,40.8701354,-73.9170165,1226,FALSE,FALSE,0,0
"1227",42434372,40.871044,-73.915746,1227,FALSE,FALSE,0,0
"1228",42434377,40.7961631,-73.9476486,1228,FALSE,FALSE,0,0
"1229",42434382,40.7954276,-73.9459003,1229,FALSE,FALSE,0,0
"1230",42434384,40.7948079,-73.9444165,1230,FALSE,FALSE,0,0
"1231",42434385,40.794128,-73.9428091,1231,FALSE,FALSE,0,0
"1232",42434386,40.7931803,-73.9405687,1232,FALSE,FALSE,0,0
"1233",42434389,40.7921784,-73.9382001,1233,FALSE,FALSE,0,0
"1234",42434410,40.7081076,-74.009838,1234,FALSE,TRUE,0,0
"1235",42434412,40.7093107,-74.011935,1235,FALSE,TRUE,0,0
"1236",42434418,40.7063877,-74.007136,1236,FALSE,TRUE,0,0
"1237",42434420,40.7073785,-74.008622,1237,FALSE,TRUE,0,0
"1238",42434427,40.7539458,-73.9976109,1238,FALSE,TRUE,0,0
"1239",42434429,40.7552202,-73.9966484,1239,FALSE,TRUE,0,0
"1240",42434434,40.7583714,-73.994391,1240,FALSE,TRUE,0,0
"1241",42434439,40.7589778,-73.9939368,1241,FALSE,TRUE,0,0
"1242",42434465,40.7513227,-73.9991493,1242,FALSE,TRUE,0,0
"1243",42434559,40.8632904,-73.9325365,1243,FALSE,FALSE,0,0
"1244",42434722,40.8646389,-73.9309931,1244,FALSE,FALSE,0,0
"1245",42434780,40.8639056,-73.9314679,1245,FALSE,FALSE,0,0
"1246",42434800,40.7440672,-73.9877451,1246,FALSE,TRUE,0,0
"1247",42434807,40.746618,-73.993813,1247,FALSE,TRUE,0,0
"1248",42434810,40.7478363,-73.9966345,1248,FALSE,TRUE,0,0
"1249",42434821,40.7502203,-74.0023198,1249,FALSE,TRUE,0,0
"1250",42434827,40.7523993,-74.0075552,1250,FALSE,TRUE,0,0
"1251",42434832,40.7108145,-73.9833045,1251,FALSE,TRUE,0,0
"1252",42434833,40.7113401,-73.9833098,1252,FALSE,TRUE,0,0
"1253",42434839,40.7203782,-74.0059661,1253,FALSE,TRUE,0,0
"1254",42434842,40.7204244,-74.0064195,1254,FALSE,TRUE,0,0
"1255",42434845,40.7204501,-74.006671,1255,FALSE,TRUE,0,0
"1256",42434855,40.7200755,-74.0056591,1256,FALSE,TRUE,0,0
"1257",42434871,40.7207656,-74.0100069,1257,FALSE,TRUE,0,0
"1258",42434894,40.7909386,-73.9491789,1258,FALSE,FALSE,0,0
"1259",42434895,40.7903181,-73.9476894,1259,FALSE,FALSE,0,0
"1260",42434898,40.7896375,-73.9460871,1260,FALSE,FALSE,0,0
"1261",42434904,40.792347,-73.952522,1261,FALSE,FALSE,0,0
"1262",42434905,40.791675,-73.9509196,1262,FALSE,FALSE,0,0
"1263",42434910,40.787692,-73.941478,1263,FALSE,FALSE,0,0
"1264",42434912,40.7886856,-73.9438642,1264,FALSE,FALSE,0,0
"1265",42434935,40.8279873,-73.9350012,1265,FALSE,FALSE,0,0
"1266",42434946,40.7491045,-73.9840705,1266,FALSE,TRUE,0,0
"1267",42434948,40.7484303,-73.9824775,1267,FALSE,TRUE,0,0
"1268",42434951,40.7477119,-73.9807576,1268,FALSE,TRUE,0,0
"1269",42434954,40.7470714,-73.9792242,1269,FALSE,TRUE,0,0
"1270",42434959,40.7463979,-73.9776393,1270,FALSE,TRUE,0,0
"1271",42434962,40.746037,-73.9767892,1271,FALSE,TRUE,0,0
"1272",42434965,40.7454591,-73.9754076,1272,FALSE,TRUE,0,0
"1273",42434969,40.7451792,-73.974743,1273,FALSE,TRUE,0,0
"1274",42434974,40.7444485,-73.973027,1274,FALSE,TRUE,0,0
"1275",42434989,40.8417005,-73.9355668,1275,FALSE,FALSE,0,0
"1276",42434992,40.842314,-73.937028,1276,FALSE,FALSE,0,0
"1277",42435002,40.8446105,-73.9424729,1277,FALSE,FALSE,0,0
"1278",42435197,40.8404757,-73.9353154,1278,FALSE,FALSE,0,0
"1279",42435198,40.8410549,-73.9360373,1279,FALSE,FALSE,0,0
"1280",42435207,40.8026041,-73.9450492,1280,FALSE,FALSE,0,0
"1281",42435211,40.8019202,-73.9434351,1281,FALSE,FALSE,0,0
"1282",42435222,40.8011841,-73.9416979,1282,FALSE,FALSE,0,0
"1283",42435230,40.800568,-73.9402084,1283,FALSE,FALSE,0,0
"1284",42435231,40.7998895,-73.9386013,1284,FALSE,FALSE,0,0
"1285",42435234,40.7989421,-73.9363574,1285,FALSE,FALSE,0,0
"1286",42435237,40.7979434,-73.9339919,1286,FALSE,FALSE,0,0
"1287",42435240,40.796992,-73.9317474,1287,FALSE,FALSE,0,0
"1288",42435253,40.7705364,-73.9801168,1288,FALSE,TRUE,0,75
"1289",42435257,40.7711608,-73.9796589,1289,FALSE,TRUE,0,0
"1290",42435272,40.7755427,-73.9764626,1290,FALSE,FALSE,0,0
"1291",42435275,40.7762266,-73.975963,1291,FALSE,FALSE,0,0
"1292",42435283,40.7775416,-73.9749993,1292,FALSE,FALSE,0,0
"1293",42435295,40.7781744,-73.9745417,1293,FALSE,FALSE,0,0
"1294",42435301,40.7788134,-73.9740803,1294,FALSE,FALSE,0,0
"1295",42435308,40.7833528,-73.9707756,1295,FALSE,FALSE,0,0
"1296",42435316,40.7885002,-73.967021,1296,FALSE,FALSE,0,0
"1297",42435317,40.7891218,-73.9665628,1297,FALSE,FALSE,0,0
"1298",42435319,40.7897447,-73.9661041,1298,FALSE,FALSE,0,0
"1299",42435323,40.7903702,-73.9656483,1299,FALSE,FALSE,0,0
"1300",42435328,40.7909985,-73.9651883,1300,FALSE,FALSE,0,0
"1301",42435331,40.794859,-73.9623766,1301,FALSE,FALSE,0,0
"1302",42435333,40.7954892,-73.9619156,1302,FALSE,FALSE,0,0
"1303",42435336,40.7967466,-73.9609956,1303,FALSE,FALSE,0,0
"1304",42435337,40.7973764,-73.9605349,1304,FALSE,FALSE,0,0
"1305",42435341,40.7993567,-73.9590861,1305,FALSE,FALSE,0,0
"1306",42435343,40.7999836,-73.9586275,1306,FALSE,FALSE,0,0
"1307",42435346,40.8003679,-73.9583313,1307,FALSE,FALSE,0,0
"1308",42435359,40.8017902,-73.9610669,1308,FALSE,FALSE,0,0
"1309",42435360,40.8047082,-73.960077,1309,FALSE,FALSE,0,0
"1310",42435362,40.8054325,-73.9598246,1310,FALSE,FALSE,0,0
"1311",42435380,40.8093981,-73.9572467,1311,FALSE,FALSE,0,0
"1312",42435387,40.7999664,-73.9469712,1312,FALSE,FALSE,0,0
"1313",42435388,40.7992916,-73.9453586,1313,FALSE,FALSE,0,0
"1314",42435392,40.7985684,-73.9436083,1314,FALSE,FALSE,0,0
"1315",42435395,40.79795,-73.9421243,1315,FALSE,FALSE,0,0
"1316",42435396,40.7972671,-73.9405201,1316,FALSE,FALSE,0,0
"1317",42435400,40.7953208,-73.9359028,1317,FALSE,FALSE,0,0
"1318",42435403,40.7943904,-73.9336715,1318,FALSE,FALSE,0,0
"1319",42435412,40.861142,-73.918927,1319,FALSE,FALSE,0,0
"1320",42435415,40.861936,-73.920774,1320,FALSE,FALSE,0,0
"1321",42435420,40.748469,-73.992463,1321,FALSE,TRUE,0,0
"1322",42435422,40.749101,-73.992006,1322,FALSE,TRUE,0,0
"1323",42435435,40.714465,-73.9995899,1323,FALSE,TRUE,0,0
"1324",42435451,40.7171195,-73.9985963,1324,FALSE,TRUE,0,0
"1325",42435456,40.7181633,-73.9979382,1325,FALSE,TRUE,0,0
"1326",42435470,40.7193363,-73.9972995,1326,FALSE,TRUE,0,0
"1327",42435477,40.7233679,-73.9957075,1327,FALSE,TRUE,0,0
"1328",42435491,40.7250181,-73.9948703,1328,FALSE,TRUE,0,0
"1329",42435497,40.780232,-73.9613628,1329,FALSE,FALSE,0,0
"1330",42435499,40.7795447,-73.9597737,1330,FALSE,FALSE,0,0
"1331",42435504,40.7788307,-73.9580801,1331,FALSE,FALSE,0,0
"1332",42435509,40.7781874,-73.956549,1332,FALSE,FALSE,0,0
"1333",42435514,40.7775056,-73.9549422,1333,FALSE,FALSE,0,0
"1334",42435516,40.7765623,-73.9527041,1334,FALSE,FALSE,0,0
"1335",42435518,40.7755591,-73.9503323,1335,FALSE,FALSE,0,0
"1336",42435522,40.7736238,-73.9457297,1336,FALSE,FALSE,0,0
"1337",42435534,40.7169484,-73.9842451,1337,FALSE,TRUE,0,0
"1338",42435538,40.7164371,-73.9825651,1338,FALSE,TRUE,0,0
"1339",42435541,40.7161801,-73.9817219,1339,FALSE,TRUE,0,0
"1340",42435544,40.7159233,-73.9808785,1340,FALSE,TRUE,0,0
"1341",42435550,40.7154169,-73.9792153,1341,FALSE,TRUE,0,0
"1342",42435553,40.7151586,-73.9783672,1342,FALSE,TRUE,0,0
"1343",42435556,40.7148601,-73.977594,1343,FALSE,TRUE,0,0
"1344",42435578,40.7375429,-74.0047793,1344,FALSE,TRUE,0,0
"1345",42435581,40.7381289,-74.0041378,1345,FALSE,TRUE,0,0
"1346",42435596,40.7397428,-74.0024948,1346,FALSE,TRUE,0,0
"1347",42435598,40.7404441,-74.0019879,1347,FALSE,TRUE,0,0
"1348",42435599,40.74108,-74.001555,1348,FALSE,TRUE,0,0
"1349",42435603,40.7416736,-74.0011226,1349,FALSE,TRUE,0,0
"1350",42435610,40.7428467,-74.0002679,1350,FALSE,TRUE,0,0
"1351",42435624,40.7453054,-73.998472,1351,FALSE,TRUE,0,0
"1352",42435629,40.74658,-73.9975495,1352,FALSE,TRUE,0,0
"1353",42435632,40.7471981,-73.9970994,1353,FALSE,TRUE,0,0
"1354",42435633,40.748435,-73.996192,1354,FALSE,TRUE,0,0
"1355",42435642,40.751532,-73.9939428,1355,FALSE,TRUE,0,0
"1356",42435644,40.7521986,-73.993458,1356,FALSE,TRUE,0,0
"1357",42435645,40.7528582,-73.9929759,1357,FALSE,TRUE,0,0
"1358",42435646,40.7534779,-73.9925251,1358,FALSE,TRUE,0,0
"1359",42435650,40.754091,-73.992079,1359,FALSE,TRUE,0,0
"1360",42435654,40.75533,-73.991177,1360,FALSE,TRUE,0,0
"1361",42435657,40.7559486,-73.9907278,1361,FALSE,TRUE,0,0
"1362",42435660,40.756567,-73.990276,1362,FALSE,TRUE,0,0
"1363",42435663,40.7572335,-73.9897914,1363,FALSE,TRUE,0,0
"1364",42435671,40.7585323,-73.9888429,1364,FALSE,TRUE,0,0
"1365",42435675,40.7597869,-73.9879285,1365,FALSE,TRUE,0,0
"1366",42435677,40.7604088,-73.9874753,1366,FALSE,TRUE,0,0
"1367",42435680,40.7610365,-73.9870177,1367,FALSE,TRUE,0,0
"1368",42435684,40.7622941,-73.9861011,1368,FALSE,TRUE,0,0
"1369",42435687,40.7629156,-73.9856481,1369,FALSE,TRUE,0,0
"1370",42435702,40.7635566,-73.9851938,1370,FALSE,TRUE,0,0
"1371",42435705,40.7641596,-73.9847413,1371,FALSE,TRUE,0,0
"1372",42435707,40.7647981,-73.9842688,1372,FALSE,TRUE,0,0
"1373",42435710,40.7654396,-73.9838209,1373,FALSE,TRUE,0,0
"1374",42435714,40.7667157,-73.9828727,1374,FALSE,TRUE,0,0
"1375",42435716,40.7673998,-73.9823637,1375,FALSE,TRUE,0,0
"1376",42435736,40.8007934,-73.9580118,1376,FALSE,FALSE,0,0
"1377",42435743,40.8012375,-73.9576916,1377,FALSE,FALSE,0,0
"1378",42435746,40.8018566,-73.9572369,1378,FALSE,FALSE,0,0
"1379",42435755,40.8031162,-73.95632,1379,FALSE,FALSE,0,0
"1380",42435761,40.8037455,-73.9558634,1380,FALSE,FALSE,0,0
"1381",42435763,40.8044178,-73.9553696,1381,FALSE,FALSE,0,0
"1382",42435766,40.8050938,-73.9548742,1382,FALSE,FALSE,0,0
"1383",42435775,40.8063523,-73.9539576,1383,FALSE,FALSE,0,0
"1384",42435785,40.8076082,-73.9530399,1384,FALSE,FALSE,0,0
"1385",42435794,40.808235,-73.9525797,1385,FALSE,FALSE,0,0
"1386",42435802,40.8088651,-73.9521304,1386,FALSE,FALSE,0,0
"1387",42435803,40.8094996,-73.9516742,1387,FALSE,FALSE,0,0
"1388",42435805,40.8101762,-73.9511777,1388,FALSE,FALSE,0,0
"1389",42435810,40.811478,-73.950216,1389,FALSE,FALSE,0,0
"1390",42435814,40.812103,-73.949757,1390,FALSE,FALSE,0,0
"1391",42435825,40.813938,-73.948419,1391,FALSE,FALSE,0,0
"1392",42435837,40.81583,-73.947034,1392,FALSE,FALSE,0,0
"1393",42435844,40.8165065,-73.9465427,1393,FALSE,FALSE,0,0
"1394",42435850,40.817175,-73.946055,1394,FALSE,FALSE,0,0
"1395",42435852,40.8178,-73.945598,1395,FALSE,FALSE,0,0
"1396",42435856,40.818424,-73.945141,1396,FALSE,FALSE,0,0
"1397",42435858,40.819047,-73.944687,1397,FALSE,FALSE,0,0
"1398",42435860,40.8202938,-73.9437782,1398,FALSE,FALSE,0,0
"1399",42435861,40.820917,-73.943322,1399,FALSE,FALSE,0,0
"1400",42435863,40.821542,-73.942865,1400,FALSE,FALSE,0,0
"1401",42435865,40.822164,-73.942411,1401,FALSE,FALSE,0,0
"1402",42435869,40.8235077,-73.9414281,1402,FALSE,FALSE,0,0
"1403",42435873,40.824132,-73.940971,1403,FALSE,FALSE,0,0
"1404",42435876,40.824757,-73.940515,1404,FALSE,FALSE,0,0
"1405",42435880,40.8256133,-73.9398858,1405,FALSE,FALSE,0,0
"1406",42435881,40.8260017,-73.9396061,1406,FALSE,FALSE,0,0
"1407",42435885,40.826626,-73.939149,1407,FALSE,FALSE,0,0
"1408",42435891,40.8272499,-73.9386924,1408,FALSE,FALSE,0,0
"1409",42435894,40.827877,-73.938237,1409,FALSE,FALSE,0,0
"1410",42435898,40.8285,-73.937782,1410,FALSE,FALSE,0,0
"1411",42435910,40.7128003,-73.9971151,1411,FALSE,TRUE,0,0
"1412",42435916,40.7130204,-73.9944589,1412,FALSE,TRUE,0,0
"1413",42435920,40.7130899,-73.9936201,1413,FALSE,TRUE,0,0
"1414",42435922,40.7131922,-73.9923867,1414,FALSE,TRUE,0,0
"1415",42435923,40.7133803,-73.9901247,1415,FALSE,TRUE,0,0
"1416",42435925,40.7135073,-73.9885984,1416,FALSE,TRUE,0,0
"1417",42435928,40.7136336,-73.9870806,1417,FALSE,TRUE,0,0
"1418",42435931,40.7138032,-73.9850499,1418,FALSE,TRUE,0,0
"1419",42435940,40.8208228,-73.9508143,1419,FALSE,FALSE,0,0
"1420",42435943,40.8217009,-73.9529081,1420,FALSE,FALSE,0,0
"1421",42435957,40.815997,-73.9393897,1421,FALSE,FALSE,0,0
"1422",42435967,40.8172609,-73.9423832,1422,FALSE,FALSE,0,0
"1423",42435981,40.819006,-73.946522,1423,FALSE,FALSE,0,0
"1424",42435988,40.8126463,-73.9394725,1424,FALSE,FALSE,0,0
"1425",42435990,40.8127869,-73.9398101,1425,FALSE,FALSE,0,0
"1426",42435993,40.8128979,-73.9400767,1426,FALSE,FALSE,0,0
"1427",42435997,40.8182343,-73.9527209,1427,FALSE,FALSE,0,0
"1428",42436001,40.813409,-73.9412802,1428,FALSE,FALSE,0,0
"1429",42436003,40.8146691,-73.9442672,1429,FALSE,FALSE,0,0
"1430",42436014,40.7232849,-74.0080097,1430,FALSE,TRUE,0,0
"1431",42436017,40.7234416,-74.0095375,1431,FALSE,TRUE,0,0
"1432",42436021,40.7235239,-74.0103391,1432,FALSE,TRUE,0,0
"1433",42436024,40.7236291,-74.0113646,1433,FALSE,TRUE,0,0
"1434",42436050,40.7181153,-74.0104958,1434,FALSE,TRUE,0,0
"1435",42436055,40.7194446,-74.0102387,1435,FALSE,TRUE,0,0
"1436",42436056,40.7201244,-74.0101194,1436,FALSE,TRUE,0,0
"1437",42436060,40.721468,-74.0098818,1437,FALSE,TRUE,0,0
"1438",42436064,40.7221396,-74.0097659,1438,FALSE,TRUE,0,0
"1439",42436069,40.7227945,-74.009651,1439,FALSE,TRUE,0,0
"1440",42436073,40.7241027,-74.0094239,1440,FALSE,TRUE,0,0
"1441",42436083,40.7247725,-74.0092994,1441,FALSE,TRUE,0,0
"1442",42436088,40.7260025,-74.0090917,1442,FALSE,TRUE,0,0
"1443",42436093,40.726746,-74.008967,1443,FALSE,TRUE,76,0
"1444",42436097,40.72747,-74.008845,1444,FALSE,TRUE,0,0
"1445",42436100,40.728195,-74.008724,1445,FALSE,TRUE,0,0
"1446",42436109,40.7289084,-74.0085943,1446,FALSE,TRUE,0,0
"1447",42436115,40.7296297,-74.0083997,1447,FALSE,TRUE,0,0
"1448",42436119,40.730343,-74.008207,1448,FALSE,TRUE,0,0
"1449",42436122,40.7310668,-74.008009,1449,FALSE,TRUE,0,0
"1450",42436126,40.7317805,-74.0078076,1450,FALSE,TRUE,0,0
"1451",42436129,40.7328706,-74.0075146,1451,FALSE,TRUE,0,0
"1452",42436134,40.733588,-74.007344,1452,FALSE,TRUE,0,0
"1453",42436135,40.734296,-74.007162,1453,FALSE,TRUE,0,0
"1454",42436139,40.7349954,-74.0069783,1454,FALSE,TRUE,0,0
"1455",42436142,40.7357317,-74.006801,1455,FALSE,TRUE,0,0
"1456",42436146,40.7364224,-74.0066187,1456,FALSE,TRUE,0,0
"1457",42436149,40.736957,-74.006498,1457,FALSE,TRUE,0,0
"1458",42436152,40.73755,-74.006487,1458,FALSE,TRUE,0,0
"1459",42436155,40.7381422,-74.00647,1459,FALSE,TRUE,0,0
"1460",42436159,40.7394004,-74.0064595,1460,FALSE,TRUE,0,0
"1461",42436178,40.7070893,-74.0139691,1461,FALSE,TRUE,0,0
"1462",42436181,40.7079832,-74.0135999,1462,FALSE,TRUE,0,0
"1463",42436184,40.7087788,-74.0132433,1463,FALSE,TRUE,0,135
"1464",42436187,40.7091384,-74.013089,1464,FALSE,TRUE,0,0
"1465",42436192,40.7093852,-74.0129792,1465,FALSE,TRUE,0,0
"1466",42436202,40.7062776,-74.0142958,1466,FALSE,TRUE,0,0
"1467",42436283,40.851432,-73.92708,1467,FALSE,FALSE,0,0
"1468",42436285,40.8518669,-73.9281588,1468,FALSE,FALSE,0,0
"1469",42436288,40.852476,-73.929603,1469,FALSE,FALSE,0,0
"1470",42436293,40.853582,-73.932228,1470,FALSE,FALSE,0,0
"1471",42436296,40.8545099,-73.9346217,1471,FALSE,FALSE,0,0
"1472",42436297,40.8549324,-73.9360382,1472,FALSE,FALSE,0,0
"1473",42436301,40.8554029,-73.9378027,1473,FALSE,FALSE,0,0
"1474",42436308,40.7213301,-74.0083433,1474,FALSE,TRUE,0,0
"1475",42436313,40.7215308,-74.0106804,1475,FALSE,TRUE,0,0
"1476",42436316,40.7216343,-74.0117703,1476,FALSE,TRUE,0,0
"1477",42436322,40.7161935,-74.0091994,1477,FALSE,TRUE,0,0
"1478",42436326,40.7179347,-74.0089396,1478,FALSE,TRUE,0,0
"1479",42436327,40.7182739,-74.0088803,1479,FALSE,TRUE,0,0
"1480",42436330,40.718642,-74.008819,1480,FALSE,TRUE,0,0
"1481",42436333,40.719029,-74.008747,1481,FALSE,TRUE,0,0
"1482",42436335,40.719296,-74.008699,1482,FALSE,TRUE,0,0
"1483",42436336,40.7199664,-74.0085815,1483,FALSE,TRUE,0,0
"1484",42436340,40.7226441,-74.0081187,1484,FALSE,TRUE,0,0
"1485",42436353,40.725192,-74.007669,1485,FALSE,TRUE,0,0
"1486",42436355,40.7258538,-74.0075547,1486,FALSE,TRUE,0,0
"1487",42436359,40.7266017,-74.0074309,1487,FALSE,TRUE,0,0
"1488",42436364,40.7273286,-74.0073112,1488,FALSE,TRUE,0,0
"1489",42436369,40.728049,-74.0071926,1489,FALSE,TRUE,0,18
"1490",42436371,40.7287662,-74.0070745,1490,FALSE,TRUE,0,0
"1491",42436374,40.7294927,-74.0069526,1491,FALSE,TRUE,0,0
"1492",42436377,40.7302239,-74.0068382,1492,FALSE,TRUE,0,0
"1493",42436381,40.7309445,-74.006721,1493,FALSE,TRUE,0,0
"1494",42436384,40.73167,-74.0066039,1494,FALSE,TRUE,0,0
"1495",42436390,40.732425,-74.0064889,1495,FALSE,TRUE,0,0
"1496",42436393,40.733055,-74.0063829,1496,FALSE,TRUE,0,0
"1497",42436396,40.7337434,-74.0062788,1497,FALSE,TRUE,0,0
"1498",42436400,40.734439,-74.0061609,1498,FALSE,TRUE,0,0
"1499",42436404,40.735133,-74.0060475,1499,FALSE,TRUE,0,0
"1500",42436407,40.735846,-74.0059318,1500,FALSE,TRUE,0,0
"1501",42436411,40.7365313,-74.0058168,1501,FALSE,TRUE,0,0
"1502",42436414,40.7372197,-74.0057682,1502,FALSE,TRUE,0,0
"1503",42436423,40.7375527,-74.0057088,1503,FALSE,TRUE,0,0
"1504",42436427,40.7381397,-74.00561,1504,FALSE,TRUE,0,0
"1505",42436431,40.7394127,-74.0054071,1505,FALSE,TRUE,0,0
"1506",42436439,40.740847,-74.005128,1506,FALSE,TRUE,0,0
"1507",42436475,40.7724555,-73.9670325,1507,FALSE,TRUE,0,0
"1508",42436477,40.7717833,-73.965434,1508,FALSE,TRUE,0,0
"1509",42436481,40.7710637,-73.9637208,1509,FALSE,TRUE,0,0
"1510",42436484,40.7704253,-73.9622127,1510,FALSE,FALSE,0,0
"1511",42436486,40.769747,-73.9606044,1511,FALSE,FALSE,0,0
"1512",42436489,40.7688122,-73.9583845,1512,FALSE,FALSE,0,0
"1513",42436492,40.7678043,-73.9559988,1513,FALSE,FALSE,0,0
"1514",42436510,40.7655257,-73.9721171,1514,FALSE,TRUE,0,0
"1515",42436511,40.7648423,-73.9704968,1515,FALSE,TRUE,0,0
"1516",42436514,40.76413,-73.9688047,1516,FALSE,TRUE,0,0
"1517",42436516,40.7634846,-73.9672732,1517,FALSE,TRUE,0,0
"1518",42436519,40.7628079,-73.9656659,1518,FALSE,TRUE,0,0
"1519",42436527,40.7618673,-73.9634382,1519,FALSE,TRUE,0,0
"1520",42436531,40.7608639,-73.9610636,1520,FALSE,FALSE,0,0
"1521",42436537,40.7834629,-73.9589963,1521,FALSE,FALSE,0,0
"1522",42436539,40.7827919,-73.9574044,1522,FALSE,FALSE,0,0
"1523",42436541,40.7820798,-73.9557062,1523,FALSE,FALSE,0,0
"1524",42436544,40.7814307,-73.9541807,1524,FALSE,FALSE,0,0
"1525",42436546,40.7807525,-73.9525725,1525,FALSE,FALSE,0,0
"1526",42436549,40.7798089,-73.9503368,1526,FALSE,FALSE,0,0
"1527",42436551,40.778815,-73.9479508,1527,FALSE,FALSE,0,0
"1528",42436556,40.7768958,-73.9433989,1528,FALSE,FALSE,0,0
"1529",42436563,40.7112188,-73.9899392,1529,FALSE,TRUE,122,0
"1530",42436567,40.7250234,-74.0058148,1530,FALSE,TRUE,0,0
"1531",42436575,40.7415447,-73.9875061,1531,FALSE,TRUE,0,0
"1532",42436578,40.7408251,-73.9858246,1532,FALSE,TRUE,0,0
"1533",42436582,40.7401675,-73.9842643,1533,FALSE,TRUE,0,0
"1534",42436586,40.7394963,-73.9826645,1534,FALSE,TRUE,0,0
"1535",42436590,40.7385557,-73.9804284,1535,FALSE,TRUE,0,0
"1536",42436598,40.7375593,-73.9780485,1536,FALSE,TRUE,0,0
"1537",42436604,40.792982,-73.9520594,1537,FALSE,FALSE,0,0
"1538",42436610,40.7923067,-73.9504667,1538,FALSE,FALSE,0,0
"1539",42436614,40.7915693,-73.9487212,1539,FALSE,FALSE,0,0
"1540",42436619,40.7909456,-73.9472304,1540,FALSE,FALSE,0,0
"1541",42436624,40.7902523,-73.9456376,1541,FALSE,FALSE,0,0
"1542",42436627,40.7893159,-73.9433959,1542,FALSE,FALSE,0,0
"1543",42436630,40.7883247,-73.9410152,1543,FALSE,FALSE,0,0
"1544",42436637,40.7955852,-73.950158,1544,FALSE,FALSE,0,0
"1545",42436640,40.7949134,-73.9485565,1545,FALSE,FALSE,0,0
"1546",42436641,40.794181,-73.9468139,1546,FALSE,FALSE,0,0
"1547",42436644,40.7935598,-73.9453291,1547,FALSE,FALSE,0,0
"1548",42436647,40.7928745,-73.9437242,1548,FALSE,FALSE,0,0
"1549",42436651,40.791908,-73.941503,1549,FALSE,FALSE,0,0
"1550",42436653,40.790905,-73.939132,1550,FALSE,FALSE,0,0
"1551",42436700,40.7604084,-73.9758441,1551,FALSE,TRUE,0,0
"1552",42436701,40.7597325,-73.974231,1552,FALSE,TRUE,0,0
"1553",42436703,40.7590253,-73.9725324,1553,FALSE,TRUE,0,0
"1554",42436705,40.7583781,-73.9709896,1554,FALSE,TRUE,0,0
"1555",42436707,40.7577042,-73.9693983,1555,FALSE,TRUE,0,0
"1556",42436710,40.7567628,-73.9671663,1556,FALSE,TRUE,0,0
"1557",42436714,40.7557614,-73.9647728,1557,FALSE,TRUE,0,0
"1558",42436716,40.7549794,-73.9629036,1558,FALSE,TRUE,0,0
"1559",42436724,40.8077113,-73.9413121,1559,FALSE,FALSE,0,0
"1560",42436726,40.8090395,-73.9444657,1560,FALSE,FALSE,0,0
"1561",42436728,40.8103039,-73.9474622,1561,FALSE,FALSE,0,0
"1562",42436734,40.8126972,-73.9531404,1562,FALSE,FALSE,0,0
"1563",42436739,40.8135587,-73.9551936,1563,FALSE,FALSE,0,0
"1564",42436746,40.7446313,-73.9852432,1564,FALSE,TRUE,0,0
"1565",42436748,40.7439234,-73.9835616,1565,FALSE,TRUE,0,0
"1566",42436751,40.7432627,-73.982007,1566,FALSE,TRUE,0,0
"1567",42436753,40.7425925,-73.9804107,1567,FALSE,TRUE,0,0
"1568",42436754,40.7416506,-73.9781701,1568,FALSE,TRUE,0,0
"1569",42436756,40.7406465,-73.9757944,1569,FALSE,TRUE,0,0
"1570",42436763,40.7227332,-74.0044383,1570,FALSE,TRUE,0,0
"1571",42436770,40.723449,-74.00383,1571,FALSE,TRUE,0,0
"1572",42436779,40.72488,-74.002619,1572,FALSE,TRUE,0,0
"1573",42436784,40.7261202,-74.0015958,1573,FALSE,TRUE,0,0
"1574",42436788,40.7273529,-74.0005803,1574,FALSE,TRUE,0,0
"1575",42436793,40.729686,-73.9986042,1575,FALSE,TRUE,0,0
"1576",42436796,40.7302877,-73.9980696,1576,FALSE,TRUE,0,0
"1577",42436806,40.8449056,-73.9332225,1577,FALSE,FALSE,0,0
"1578",42436807,40.84552,-73.934686,1578,FALSE,FALSE,0,0
"1579",42436812,40.846623,-73.937313,1579,FALSE,FALSE,0,0
"1580",42436832,40.8476869,-73.9421969,1580,FALSE,FALSE,0,0
"1581",42436848,40.730246,-74.00102,1581,FALSE,TRUE,0,0
"1582",42436856,40.7339701,-74.0003713,1582,FALSE,TRUE,0,0
"1583",42436894,40.7326715,-74.0086061,1583,FALSE,TRUE,0,0
"1584",42436899,40.7324705,-74.0098682,1584,FALSE,TRUE,151,0
"1585",42436903,40.7324182,-74.0102359,1585,FALSE,TRUE,0,0
"1586",42436911,40.7763096,-73.9642177,1586,FALSE,FALSE,0,0
"1587",42436913,40.7756416,-73.9626345,1587,FALSE,FALSE,0,0
"1588",42436914,40.7749247,-73.9609303,1588,FALSE,FALSE,0,0
"1589",42436917,40.7742796,-73.9593972,1589,FALSE,FALSE,0,0
"1590",42436919,40.7736031,-73.9578018,1590,FALSE,FALSE,0,0
"1591",42436921,40.7726645,-73.9555742,1591,FALSE,FALSE,0,0
"1592",42436922,40.7716529,-73.9531803,1592,FALSE,FALSE,0,0
"1593",42436929,40.870923,-73.917916,1593,FALSE,FALSE,0,0
"1594",42436930,40.871584,-73.917009,1594,FALSE,FALSE,0,0
"1595",42436935,40.7345291,-73.9922554,1595,FALSE,TRUE,509,0
"1596",42436939,40.7335229,-73.9898448,1596,FALSE,TRUE,0,0
"1597",42436941,40.7326041,-73.9876833,1597,FALSE,TRUE,0,0
"1598",42436942,40.731658,-73.985444,1598,FALSE,TRUE,0,0
"1599",42436943,40.7306534,-73.9830644,1599,FALSE,TRUE,0,0
"1600",42436944,40.729725,-73.980858,1600,FALSE,TRUE,0,0
"1601",42436947,40.728746,-73.978536,1601,FALSE,TRUE,0,0
"1602",42436949,40.7282532,-73.9773526,1602,FALSE,TRUE,0,0
"1603",42436957,40.7277545,-73.9761797,1603,FALSE,TRUE,0,0
"1604",42436968,40.7288513,-74.0052872,1604,FALSE,TRUE,0,0
"1605",42436971,40.7107814,-73.9837964,1605,FALSE,TRUE,0,0
"1606",42436974,40.7112964,-73.9839123,1606,FALSE,TRUE,0,0
"1607",42436985,40.7915736,-73.9684954,1607,FALSE,FALSE,0,0
"1608",42436990,40.7927633,-73.9713214,1608,FALSE,FALSE,0,0
"1609",42437005,40.794825,-73.9762395,1609,FALSE,FALSE,0,0
"1610",42437018,40.7359584,-73.9893863,1610,FALSE,TRUE,0,0
"1611",42437021,40.7365293,-73.9889596,1611,FALSE,TRUE,0,0
"1612",42437050,40.7890588,-73.9703363,1612,FALSE,FALSE,0,0
"1613",42437052,40.7902424,-73.9731431,1613,FALSE,FALSE,0,0
"1614",42437058,40.792175,-73.9776753,1614,FALSE,FALSE,0,0
"1615",42437067,40.7185765,-73.9833967,1615,FALSE,TRUE,0,0
"1616",42437071,40.7188259,-73.9842294,1616,FALSE,TRUE,0,0
"1617",42437074,40.7190825,-73.9850756,1617,FALSE,TRUE,0,0
"1618",42437078,40.7193368,-73.9859139,1618,FALSE,TRUE,0,0
"1619",42437082,40.7195914,-73.9867535,1619,FALSE,TRUE,0,0
"1620",42437084,40.7198312,-73.9875441,1620,FALSE,TRUE,0,0
"1621",42437096,40.7200786,-73.9883599,1621,FALSE,TRUE,0,0
"1622",42437106,40.7203066,-73.9891119,1622,FALSE,TRUE,0,0
"1623",42437108,40.7204582,-73.9896132,1623,FALSE,TRUE,0,0
"1624",42437109,40.7205303,-73.9898501,1624,FALSE,TRUE,0,0
"1625",42437111,40.7210302,-73.9914809,1625,FALSE,TRUE,237,0
"1626",42437113,40.721248,-73.992237,1626,FALSE,TRUE,0,0
"1627",42437114,40.7216409,-73.9935815,1627,FALSE,TRUE,0,0
"1628",42437118,40.7175542,-73.9799952,1628,FALSE,TRUE,0,0
"1629",42437124,40.7120791,-73.9969425,1629,FALSE,TRUE,0,0
"1630",42437135,40.7092114,-73.9962351,1630,FALSE,TRUE,14,0
"1631",42437142,40.8068316,-73.9610565,1631,FALSE,FALSE,0,0
"1632",42437174,40.800665,-73.946462,1632,FALSE,FALSE,0,0
"1633",42437177,40.8020112,-73.9496071,1633,FALSE,FALSE,0,0
"1634",42437188,40.8050312,-73.9568268,1634,FALSE,FALSE,0,0
"1635",42437196,40.8056136,-73.958191,1635,FALSE,FALSE,0,0
"1636",42437201,40.7981256,-73.9483211,1636,FALSE,FALSE,0,0
"1637",42437204,40.7994476,-73.951484,1637,FALSE,FALSE,0,0
"1638",42437211,40.8006953,-73.9544809,1638,FALSE,FALSE,0,0
"1639",42437218,40.802473,-73.9586898,1639,FALSE,FALSE,0,0
"1640",42437222,40.8042605,-73.9629314,1640,FALSE,FALSE,0,0
"1641",42437223,40.806127,-73.967373,1641,FALSE,FALSE,0,0
"1642",42437280,40.7371225,-73.9885174,1642,FALSE,TRUE,0,0
"1643",42437283,40.7357911,-73.985362,1643,FALSE,TRUE,0,0
"1644",42437287,40.7348458,-73.9831222,1644,FALSE,TRUE,0,0
"1645",42437289,40.7338271,-73.9807369,1645,FALSE,TRUE,0,0
"1646",42437300,40.7845451,-73.9736127,1646,FALSE,FALSE,0,0
"1647",42437305,40.7857321,-73.9764355,1647,FALSE,FALSE,0,0
"1648",42437312,40.7876839,-73.9811521,1648,FALSE,FALSE,0,0
"1649",42437316,40.837193,-73.936691,1649,FALSE,FALSE,0,0
"1650",42437319,40.8378835,-73.9383539,1650,FALSE,FALSE,0,0
"1651",42437324,40.8410394,-73.9447121,1651,FALSE,FALSE,0,0
"1652",42437326,40.838696,-73.9396803,1652,FALSE,FALSE,0,0
"1653",42437333,40.7255809,-73.9898675,1653,FALSE,TRUE,0,0
"1654",42437339,40.724584,-73.987502,1654,FALSE,TRUE,0,0
"1655",42437343,40.7236472,-73.9852818,1655,FALSE,TRUE,0,0
"1656",42437346,40.722671,-73.982964,1656,FALSE,TRUE,0,34
"1657",42437349,40.7216783,-73.9806076,1657,FALSE,TRUE,0,0
"1658",42437354,40.720674,-73.978231,1658,FALSE,TRUE,0,0
"1659",42437358,40.7534805,-73.9808792,1659,FALSE,TRUE,0,0
"1660",42437363,40.7560361,-73.9869489,1660,FALSE,TRUE,0,0
"1661",42437368,40.7584326,-73.9926458,1661,FALSE,TRUE,0,0
"1662",42437371,40.7596264,-73.9954726,1662,FALSE,TRUE,0,0
"1663",42437379,40.7620557,-74.0013069,1663,FALSE,TRUE,0,0
"1664",42437384,40.7767307,-73.9793024,1664,FALSE,FALSE,0,0
"1665",42437396,40.7098267,-74.0147403,1665,FALSE,TRUE,0,0
"1666",42437401,40.7100903,-74.0163736,1666,FALSE,TRUE,0,0
"1667",42437410,40.7103644,-74.0175611,1667,FALSE,TRUE,0,0
"1668",42437423,40.7692758,-73.9693618,1668,FALSE,TRUE,0,0
"1669",42437425,40.7686004,-73.9677557,1669,FALSE,TRUE,0,0
"1670",42437428,40.7678888,-73.9660657,1670,FALSE,TRUE,0,0
"1671",42437433,40.7672413,-73.9645312,1671,FALSE,TRUE,190,0
"1672",42437436,40.7665573,-73.9629303,1672,FALSE,TRUE,0,0
"1673",42437445,40.765613,-73.9606918,1673,FALSE,FALSE,0,0
"1674",42437451,40.7646145,-73.9583002,1674,FALSE,FALSE,0,0
"1675",42437481,40.7109439,-73.9919871,1675,FALSE,TRUE,0,0
"1676",42437503,40.7115328,-73.9867498,1676,FALSE,TRUE,0,0
"1677",42437505,40.7116864,-73.9848078,1677,FALSE,TRUE,0,0
"1678",42437529,40.737332,-73.985387,1678,FALSE,TRUE,0,0
"1679",42437530,40.737913,-73.9849697,1679,FALSE,TRUE,0,0
"1680",42437536,40.7051688,-74.0099816,1680,FALSE,TRUE,0,73
"1681",42437559,40.7139962,-73.9974922,1681,FALSE,TRUE,0,0
"1682",42437564,40.7150162,-73.996737,1682,FALSE,TRUE,0,0
"1683",42437580,40.7172802,-73.9954278,1683,FALSE,TRUE,24,0
"1684",42437589,40.718459,-73.9947975,1684,FALSE,TRUE,173,0
"1685",42437605,40.7209726,-73.993848,1685,FALSE,TRUE,0,0
"1686",42437608,40.7223715,-73.993317,1686,FALSE,TRUE,0,0
"1687",42437612,40.7242393,-73.9926626,1687,FALSE,TRUE,0,0
"1688",42437613,40.7249031,-73.9924145,1688,FALSE,TRUE,0,0
"1689",42437618,40.7256648,-73.9921298,1689,FALSE,TRUE,0,0
"1690",42437644,40.7484355,-73.984557,1690,FALSE,TRUE,0,0
"1691",42437654,40.7510092,-73.9906121,1691,FALSE,TRUE,0,0
"1692",42437663,40.7534078,-73.9963175,1692,FALSE,TRUE,0,0
"1693",42437670,40.754591,-73.9991485,1693,FALSE,TRUE,0,0
"1694",42437678,40.7569713,-74.0048008,1694,FALSE,TRUE,0,23
"1695",42437686,40.7459215,-73.9863915,1695,FALSE,TRUE,0,0
"1696",42437688,40.7509001,-73.9981551,1696,FALSE,TRUE,0,0
"1697",42437693,40.7520747,-74.0009801,1697,FALSE,TRUE,0,0
"1698",42437699,40.7544608,-74.0066337,1698,FALSE,TRUE,0,0
"1699",42437749,40.7117846,-73.9997105,1699,FALSE,TRUE,0,0
"1700",42437753,40.711879,-73.9986817,1700,FALSE,TRUE,0,0
"1701",42437755,40.7123181,-73.9943532,1701,FALSE,TRUE,0,0
"1702",42437763,40.7126536,-73.9900158,1702,FALSE,TRUE,0,0
"1703",42437768,40.7127817,-73.9884924,1703,FALSE,TRUE,0,0
"1704",42437770,40.7129093,-73.9869665,1704,FALSE,TRUE,0,0
"1705",42437773,40.7130902,-73.9850592,1705,FALSE,TRUE,0,0
"1706",42437786,40.7138456,-73.979532,1706,FALSE,TRUE,0,0
"1707",42437801,40.8134646,-73.9393193,1707,FALSE,FALSE,0,0
"1708",42437819,40.7076167,-74.017462,1708,FALSE,TRUE,0,0
"1709",42437830,40.7297718,-73.9747295,1709,FALSE,TRUE,0,0
"1710",42437841,40.7778454,-73.9877555,1710,FALSE,FALSE,0,0
"1711",42437845,40.7781959,-73.98858,1711,FALSE,FALSE,0,0
"1712",42437881,40.7415506,-73.9895966,1712,FALSE,TRUE,0,0
"1713",42437890,40.7441065,-73.9956382,1713,FALSE,TRUE,0,0
"1714",42437909,40.7465235,-74.0013543,1714,FALSE,TRUE,0,0
"1715",42437914,40.7477028,-74.0041638,1715,FALSE,TRUE,0,0
"1716",42437916,40.7979763,-73.96197,1716,FALSE,FALSE,0,0
"1717",42437917,40.7985681,-73.9633705,1717,FALSE,FALSE,0,0
"1718",42437918,40.799756,-73.9661916,1718,FALSE,FALSE,0,0
"1719",42437920,40.80159,-73.970545,1719,FALSE,FALSE,0,0
"1720",42437921,40.8653705,-73.9243885,1720,FALSE,FALSE,0,0
"1721",42437923,40.8660653,-73.9224988,1721,FALSE,FALSE,0,0
"1722",42437925,40.867275,-73.919215,1722,FALSE,FALSE,0,0
"1723",42437926,40.867584,-73.918414,1723,FALSE,FALSE,0,0
"1724",42437929,40.8120554,-73.9359818,1724,FALSE,FALSE,0,0
"1725",42437942,40.854976,-73.927781,1725,FALSE,FALSE,0,0
"1726",42437944,40.856077,-73.9304068,1726,FALSE,FALSE,0,0
"1727",42437949,40.7322515,-73.9963626,1727,FALSE,TRUE,0,254
"1728",42437951,40.732946,-73.997987,1728,FALSE,TRUE,0,0
"1729",42437962,40.717351,-73.9911718,1729,FALSE,TRUE,0,0
"1730",42437965,40.7161764,-73.991792,1730,FALSE,TRUE,48,0
"1731",42437967,40.7150484,-73.9923757,1731,FALSE,TRUE,0,0
"1732",42437988,40.7143535,-73.9930343,1732,FALSE,TRUE,0,0
"1733",42437990,40.7151254,-73.9926355,1733,FALSE,TRUE,0,0
"1734",42437996,40.7174356,-73.991452,1734,FALSE,TRUE,27,0
"1735",42438018,40.8289841,-73.9389595,1735,FALSE,FALSE,0,0
"1736",42438024,40.8308881,-73.9434627,1736,FALSE,FALSE,0,0
"1737",42438034,40.7153613,-73.9977158,1737,FALSE,TRUE,0,0
"1738",42438043,40.7877988,-73.9712361,1738,FALSE,FALSE,0,0
"1739",42438045,40.7889871,-73.9740595,1739,FALSE,FALSE,0,0
"1740",42438052,40.7912444,-73.9794014,1740,FALSE,FALSE,0,0
"1741",42438060,40.7228729,-74.0104496,1741,FALSE,TRUE,0,0
"1742",42438084,40.8002752,-73.9322842,1742,FALSE,FALSE,0,0
"1743",42438090,40.8004726,-73.9314544,1743,FALSE,FALSE,0,0
"1744",42438153,40.8006925,-73.9319786,1744,FALSE,FALSE,0,0
"1745",42438155,40.7103692,-74.0112079,1745,FALSE,TRUE,0,0
"1746",42438160,40.8518313,-73.9418486,1746,FALSE,FALSE,0,0
"1747",42438173,40.7385281,-73.9864142,1747,FALSE,TRUE,0,0
"1748",42438174,40.7382199,-73.9856806,1748,FALSE,TRUE,0,0
"1749",42438186,40.8493104,-73.9300043,1749,FALSE,FALSE,0,0
"1750",42438189,40.849921,-73.931472,1750,FALSE,FALSE,0,0
"1751",42438199,40.851021,-73.934098,1751,FALSE,FALSE,0,0
"1752",42438218,40.8523449,-73.9387583,1752,FALSE,FALSE,0,0
"1753",42438228,40.8187841,-73.9598117,1753,FALSE,FALSE,0,0
"1754",42438235,40.8102066,-73.9394953,1754,FALSE,FALSE,0,0
"1755",42438236,40.8115326,-73.9426361,1755,FALSE,FALSE,0,0
"1756",42438240,40.8127932,-73.9456451,1756,FALSE,FALSE,0,0
"1757",42438246,40.8158605,-73.9528655,1757,FALSE,FALSE,0,0
"1758",42438247,40.8163558,-73.9540766,1758,FALSE,FALSE,0,0
"1759",42438255,40.833278,-73.939155,1759,FALSE,FALSE,0,0
"1760",42438257,40.8341102,-73.941109,1760,FALSE,FALSE,0,0
"1761",42438271,40.8177958,-73.9359497,1761,FALSE,FALSE,0,0
"1762",42438275,40.8185482,-73.9377219,1762,FALSE,FALSE,0,0
"1763",42438281,40.819759,-73.9405581,1763,FALSE,FALSE,0,0
"1764",42438288,40.8214604,-73.9446041,1764,FALSE,FALSE,0,0
"1765",42438291,40.8227363,-73.9476376,1765,FALSE,FALSE,0,0
"1766",42438292,40.8233158,-73.9489935,1766,FALSE,FALSE,0,0
"1767",42438295,40.8236097,-73.9496898,1767,FALSE,FALSE,0,0
"1768",42438300,40.7768348,-73.9891559,1768,FALSE,FALSE,0,0
"1769",42438301,40.7774787,-73.9888384,1769,FALSE,FALSE,0,0
"1770",42438306,40.7795541,-73.9879995,1770,FALSE,FALSE,0,0
"1771",42438362,40.7330871,-73.9753697,1771,FALSE,TRUE,0,0
"1772",42438471,40.7083786,-74.0004937,1772,FALSE,TRUE,0,0
"1773",42438476,40.7078996,-74.0001276,1773,FALSE,TRUE,0,0
"1774",42438485,40.7776743,-73.9632228,1774,FALSE,FALSE,0,0
"1775",42438487,40.7770011,-73.9616294,1775,FALSE,FALSE,0,0
"1776",42438490,40.776291,-73.9599345,1776,FALSE,FALSE,0,0
"1777",42438498,40.775645,-73.9583993,1777,FALSE,FALSE,0,0
"1778",42438503,40.7749679,-73.9567951,1778,FALSE,FALSE,0,0
"1779",42438506,40.7740206,-73.9545699,1779,FALSE,FALSE,0,0
"1780",42438509,40.7730268,-73.9521805,1780,FALSE,FALSE,0,0
"1781",42438513,40.7710722,-73.9475897,1781,FALSE,FALSE,0,0
"1782",42438529,40.7112774,-73.9848327,1782,FALSE,TRUE,0,0
"1783",42438531,40.7107237,-73.984704,1783,FALSE,TRUE,0,0
"1784",42438544,40.7446783,-73.9873007,1784,FALSE,TRUE,0,0
"1785",42438547,40.7472363,-73.9933621,1785,FALSE,TRUE,0,0
"1786",42438672,40.7496507,-73.9990694,1786,FALSE,TRUE,0,128
"1787",42438674,40.750828,-74.001882,1787,FALSE,TRUE,0,0
"1788",42438684,40.7530959,-74.0072963,1788,FALSE,TRUE,0,0
"1789",42438702,40.8057381,-73.9427583,1789,FALSE,FALSE,0,0
"1790",42438704,40.8050631,-73.9411468,1790,FALSE,FALSE,0,0
"1791",42438707,40.8043271,-73.9393933,1791,FALSE,FALSE,0,0
"1792",42438772,40.8037081,-73.9379207,1792,FALSE,FALSE,0,0
"1793",42438774,40.8030279,-73.9363134,1793,FALSE,FALSE,0,0
"1794",42438779,40.721083,-74.005845,1794,FALSE,TRUE,0,0
"1795",42438781,40.7217564,-74.0057176,1795,FALSE,TRUE,0,0
"1796",42438784,40.7352039,-73.9917243,1796,FALSE,TRUE,0,0
"1797",42438788,40.7731391,-73.9665333,1797,FALSE,TRUE,0,0
"1798",42438791,40.7724629,-73.9649361,1798,FALSE,TRUE,0,0
"1799",42438795,40.7717575,-73.963244,1799,FALSE,TRUE,22,0
"1800",42438798,40.7711121,-73.9617094,1800,FALSE,FALSE,0,0
"1801",42438800,40.770434,-73.9601029,1801,FALSE,FALSE,0,0
"1802",42438802,40.7694904,-73.9578623,1802,FALSE,FALSE,0,0
"1803",42438805,40.7684851,-73.9555018,1803,FALSE,FALSE,0,0
"1804",42438809,40.7668604,-73.9506562,1804,FALSE,FALSE,0,0
"1805",42438819,40.7765109,-73.9883936,1805,FALSE,FALSE,0,0
"1806",42438825,40.7785248,-73.9874323,1806,FALSE,FALSE,0,0
"1807",42438832,40.7791875,-73.9871067,1807,FALSE,FALSE,0,0
"1808",42438836,40.818932,-73.9522115,1808,FALSE,FALSE,0,0
"1809",42438839,40.8183904,-73.9508662,1809,FALSE,FALSE,0,0
"1810",42438849,40.737941,-73.986835,1810,FALSE,TRUE,0,0
"1811",42438859,40.7806719,-73.9764438,1811,FALSE,FALSE,0,0
"1812",42438862,40.7818426,-73.979274,1812,FALSE,FALSE,0,0
"1813",42438867,40.7837916,-73.9838929,1813,FALSE,FALSE,0,0
"1814",42438881,40.7572359,-73.9760484,1814,FALSE,TRUE,0,0
"1815",42438886,40.756526,-73.974356,1815,FALSE,TRUE,0,0
"1816",42438889,40.75587,-73.97282,1816,FALSE,TRUE,0,0
"1817",42438891,40.7551996,-73.9712239,1817,FALSE,TRUE,0,0
"1818",42438894,40.754251,-73.968978,1818,FALSE,TRUE,0,0
"1819",42438898,40.75254,-73.9649161,1819,FALSE,TRUE,0,0
"1820",42438906,40.8057865,-73.944805,1820,FALSE,FALSE,0,0
"1821",42438908,40.8064396,-73.9463669,1821,FALSE,FALSE,0,0
"1822",42438913,40.8077005,-73.9493541,1822,FALSE,FALSE,0,0
"1823",42438920,40.8094823,-73.9535786,1823,FALSE,FALSE,0,0
"1824",42438923,40.8100609,-73.9549689,1824,FALSE,FALSE,0,0
"1825",42438928,40.8112717,-73.957805,1825,FALSE,FALSE,0,0
"1826",42438947,40.7896807,-73.9500938,1826,FALSE,FALSE,0,0
"1827",42438949,40.789061,-73.9486102,1827,FALSE,FALSE,0,0
"1828",42438953,40.7883857,-73.9469991,1828,FALSE,FALSE,0,0
"1829",42438961,40.791085,-73.953438,1829,FALSE,FALSE,0,0
"1830",42438963,40.7904162,-73.951839,1830,FALSE,FALSE,0,0
"1831",42438971,40.7874477,-73.9447838,1831,FALSE,FALSE,0,0
"1832",42438973,40.786438,-73.942395,1832,FALSE,FALSE,0,0
"1833",42438984,40.8089618,-73.9403996,1833,FALSE,FALSE,0,0
"1834",42439001,40.7294469,-73.9780238,1834,FALSE,TRUE,0,0
"1835",42439006,40.7304174,-73.9803623,1835,FALSE,TRUE,0,0
"1836",42439065,40.8604936,-73.9212428,1836,FALSE,FALSE,0,0
"1837",42439070,40.7346805,-73.9946012,1837,FALSE,TRUE,0,0
"1838",42439073,40.7372222,-74.0006278,1838,FALSE,TRUE,0,0
"1839",42439078,40.737544,-74.003866,1839,FALSE,TRUE,0,0
"1840",42439096,40.737554,-74.008206,1840,FALSE,TRUE,0,0
"1841",42439099,40.7375589,-74.0098019,1841,FALSE,TRUE,0,0
"1842",42439170,40.7369623,-73.9845088,1842,FALSE,TRUE,0,0
"1843",42439178,40.73602,-73.982267,1843,FALSE,TRUE,0,0
"1844",42439181,40.7350036,-73.9798949,1844,FALSE,TRUE,0,0
"1845",42439191,40.7327494,-73.9744435,1845,FALSE,TRUE,0,0
"1846",42439203,40.7382917,-73.9876671,1846,FALSE,TRUE,0,0
"1847",42439207,40.7196004,-73.9980848,1847,FALSE,TRUE,0,0
"1848",42439210,40.8265704,-73.94482,1848,FALSE,FALSE,0,0
"1849",42439213,40.8271519,-73.9461917,1849,FALSE,FALSE,0,0
"1850",42439216,40.828925,-73.950395,1850,FALSE,FALSE,0,0
"1851",42439225,40.8235986,-73.9377556,1851,FALSE,FALSE,0,0
"1852",42439228,40.8251715,-73.9415007,1852,FALSE,FALSE,0,0
"1853",42439236,40.7298614,-73.9914198,1853,FALSE,TRUE,0,0
"1854",42439249,40.729878,-73.990734,1854,FALSE,TRUE,0,0
"1855",42439272,40.7379242,-73.9922478,1855,FALSE,TRUE,0,0
"1856",42439275,40.74047,-73.998287,1856,FALSE,TRUE,0,0
"1857",42439280,40.7428829,-74.0039992,1857,FALSE,TRUE,0,0
"1858",42439286,40.744061,-74.006811,1858,FALSE,TRUE,0,0
"1859",42439295,40.7446855,-74.0082567,1859,FALSE,TRUE,0,0
"1860",42439323,40.732664,-73.9816006,1860,FALSE,TRUE,0,0
"1861",42439335,40.7268704,-74.0031066,1861,FALSE,TRUE,0,0
"1862",42439345,40.727157,-74.005545,1862,FALSE,TRUE,0,0
"1863",42439362,40.839484,-73.93604,1863,FALSE,FALSE,0,0
"1864",42439371,40.8103252,-73.953623,1864,FALSE,FALSE,0,0
"1865",42439389,40.7789465,-73.9622984,1865,FALSE,FALSE,0,0
"1866",42439392,40.7782718,-73.9607012,1866,FALSE,FALSE,0,0
"1867",42439395,40.7775625,-73.9590065,1867,FALSE,FALSE,0,0
"1868",42439399,40.7769156,-73.9574742,1868,FALSE,FALSE,0,0
"1869",42439403,40.776235,-73.9558695,1869,FALSE,FALSE,0,0
"1870",42439406,40.7752935,-73.9536366,1870,FALSE,FALSE,0,0
"1871",42439409,40.7742922,-73.9512608,1871,FALSE,FALSE,0,0
"1872",42439416,40.772351,-73.946656,1872,FALSE,FALSE,0,0
"1873",42439432,40.868251,-73.916139,1873,FALSE,FALSE,0,0
"1874",42439440,40.749706,-73.991563,1874,FALSE,TRUE,0,0
"1875",42439464,40.7748013,-73.9843888,1875,FALSE,TRUE,0,0
"1876",42439485,40.801971,-73.945508,1876,FALSE,FALSE,0,0
"1877",42439486,40.8012913,-73.9439003,1877,FALSE,FALSE,0,0
"1878",42439488,40.8005608,-73.9421598,1878,FALSE,FALSE,0,0
"1879",42439489,40.7999397,-73.9406719,1879,FALSE,FALSE,0,0
"1880",42439490,40.7992528,-73.9390621,1880,FALSE,FALSE,0,0
"1881",42439497,40.7983076,-73.9368206,1881,FALSE,FALSE,0,0
"1882",42439498,40.7973103,-73.9344558,1882,FALSE,FALSE,0,0
"1883",42439506,40.7963627,-73.9322087,1883,FALSE,FALSE,0,0
"1884",42439514,40.7958438,-73.9309878,1884,FALSE,FALSE,0,0
"1885",42439527,40.725252,-74.003376,1885,FALSE,TRUE,0,0
"1886",42439530,40.7264953,-74.0023512,1886,FALSE,TRUE,0,0
"1887",42439533,40.7277329,-74.0013516,1887,FALSE,TRUE,0,0
"1888",42439537,40.7300598,-73.9993655,1888,FALSE,TRUE,0,0
"1889",42439542,40.730669,-73.998842,1889,FALSE,TRUE,0,228
"1890",42439553,40.7737745,-73.9660692,1890,FALSE,TRUE,0,0
"1891",42439556,40.7731008,-73.9644727,1891,FALSE,TRUE,0,0
"1892",42439557,40.7723869,-73.9627807,1892,FALSE,TRUE,0,0
"1893",42439559,40.7717414,-73.9612509,1893,FALSE,FALSE,0,0
"1894",42439561,40.7710664,-73.9596511,1894,FALSE,FALSE,0,0
"1895",42439563,40.7701167,-73.9574004,1895,FALSE,FALSE,0,0
"1896",42439567,40.7691198,-73.9550385,1896,FALSE,FALSE,0,0
"1897",42439580,40.719193,-73.999841,1897,FALSE,TRUE,0,0
"1898",42439581,40.719552,-74.000622,1898,FALSE,TRUE,0,0
"1899",42439583,40.720341,-74.002221,1899,FALSE,TRUE,0,0
"1900",42439588,40.817116,-73.948009,1900,FALSE,FALSE,0,0
"1901",42439590,40.81776,-73.947441,1901,FALSE,FALSE,0,0
"1902",42439598,40.81838,-73.94698,1902,FALSE,FALSE,0,0
"1903",42439599,40.819628,-73.946065,1903,FALSE,FALSE,0,0
"1904",42439601,40.8208736,-73.9451567,1904,FALSE,FALSE,0,0
"1905",42439613,40.8215516,-73.9448439,1905,FALSE,FALSE,0,0
"1906",42439620,40.826821,-73.941536,1906,FALSE,FALSE,0,0
"1907",42439653,40.8299196,-73.9398011,1907,FALSE,FALSE,0,0
"1908",42439673,40.8304568,-73.9403469,1908,FALSE,FALSE,0,0
"1909",42439711,40.832685,-73.939676,1909,FALSE,FALSE,0,0
"1910",42439718,40.833843,-73.938492,1910,FALSE,FALSE,0,0
"1911",42439721,40.834889,-73.937751,1911,FALSE,FALSE,0,0
"1912",42439724,40.83569,-73.937383,1912,FALSE,FALSE,0,0
"1913",42439728,40.836469,-73.937023,1913,FALSE,FALSE,0,0
"1914",42439730,40.83785,-73.936383,1914,FALSE,FALSE,0,0
"1915",42439783,40.8415827,-73.9356526,1915,FALSE,FALSE,0,0
"1916",42439802,40.8301404,-73.9395865,1916,FALSE,FALSE,0,0
"1917",42439813,40.7125535,-73.9989343,1917,FALSE,TRUE,0,0
"1918",42439823,40.7385578,-73.99968,1918,FALSE,TRUE,0,80
"1919",42439826,40.7392462,-73.9991824,1919,FALSE,TRUE,0,0
"1920",42439830,40.739881,-73.998713,1920,FALSE,TRUE,0,0
"1921",42439834,40.741642,-73.997434,1921,FALSE,TRUE,0,0
"1922",42439836,40.742811,-73.99658,1922,FALSE,TRUE,0,0
"1923",42439840,40.745383,-73.994709,1923,FALSE,TRUE,0,0
"1924",42439842,40.7460045,-73.9942616,1924,FALSE,TRUE,0,0
"1925",42439849,40.8039345,-73.9521121,1925,FALSE,FALSE,0,0
"1926",42439851,40.8045644,-73.9516496,1926,FALSE,FALSE,0,0
"1927",42439852,40.8051892,-73.9511928,1927,FALSE,FALSE,0,0
"1928",42439855,40.8064478,-73.9502721,1928,FALSE,FALSE,0,0
"1929",42439858,40.8070737,-73.9498145,1929,FALSE,FALSE,0,0
"1930",42439860,40.8083293,-73.9488993,1930,FALSE,FALSE,0,0
"1931",42439861,40.8090058,-73.9484034,1931,FALSE,FALSE,0,0
"1932",42439864,40.8096743,-73.9479182,1932,FALSE,FALSE,0,0
"1933",42439868,40.8109249,-73.9470064,1933,FALSE,FALSE,0,0
"1934",42439873,40.811546,-73.9465492,1934,FALSE,FALSE,0,0
"1935",42439878,40.8121726,-73.9460975,1935,FALSE,FALSE,0,0
"1936",42439887,40.81534,-73.9437801,1936,FALSE,FALSE,0,0
"1937",42439891,40.8160117,-73.9432878,1937,FALSE,FALSE,0,0
"1938",42439894,40.8166299,-73.9428389,1938,FALSE,FALSE,0,0
"1939",42439897,40.8178879,-73.941924,1939,FALSE,FALSE,0,0
"1940",42439899,40.8191327,-73.9410141,1940,FALSE,FALSE,0,0
"1941",42439905,40.8203792,-73.9401037,1941,FALSE,FALSE,0,0
"1942",42439910,40.8210002,-73.9396466,1942,FALSE,FALSE,0,0
"1943",42439922,40.8223451,-73.9386646,1943,FALSE,FALSE,0,0
"1944",42439924,40.8229671,-73.9382108,1944,FALSE,FALSE,0,0
"1945",42439927,40.8248415,-73.9368478,1945,FALSE,FALSE,0,0
"1946",42439929,40.8254654,-73.9363928,1946,FALSE,FALSE,0,0
"1947",42439952,40.7516588,-73.9901341,1947,FALSE,TRUE,0,0
"1948",42439955,40.7522886,-73.9896878,1948,FALSE,TRUE,0,0
"1949",42439960,40.752895,-73.989243,1949,FALSE,TRUE,0,0
"1950",42439964,40.7541474,-73.988323,1950,FALSE,TRUE,46,0
"1951",42439968,40.7547554,-73.9878881,1951,FALSE,TRUE,0,0
"1952",42439972,40.755373,-73.987447,1952,FALSE,TRUE,0,0
"1953",42439981,40.75671,-73.986458,1953,FALSE,TRUE,0,0
"1954",42439984,40.7573424,-73.9860116,1954,FALSE,TRUE,0,0
"1955",42439990,40.7585968,-73.9850795,1955,FALSE,TRUE,0,0
"1956",42439994,40.7592226,-73.9846194,1956,FALSE,TRUE,0,0
"1957",42439996,40.759841,-73.984174,1957,FALSE,TRUE,0,0
"1958",42440001,40.7610948,-73.9832504,1958,FALSE,TRUE,0,0
"1959",42440004,40.7617189,-73.9828071,1959,FALSE,TRUE,0,0
"1960",42440009,40.7623476,-73.9823472,1960,FALSE,TRUE,0,0
"1961",42440012,40.7629646,-73.9818975,1961,FALSE,TRUE,0,0
"1962",42440015,40.7635954,-73.9814328,1962,FALSE,TRUE,0,0
"1963",42440020,40.7642332,-73.9809718,1963,FALSE,TRUE,0,0
"1964",42440022,40.765521,-73.980036,1964,FALSE,TRUE,0,0
"1965",42440025,40.7662134,-73.9795321,1965,FALSE,TRUE,0,0
"1966",42440052,40.822052,-73.944049,1966,FALSE,FALSE,0,0
"1967",42440053,40.822628,-73.943506,1967,FALSE,FALSE,0,0
"1968",42440056,40.823924,-73.9424165,1968,FALSE,FALSE,0,0
"1969",42440059,40.8245482,-73.9419585,1969,FALSE,FALSE,0,0
"1970",42440065,40.8264173,-73.9405881,1970,FALSE,FALSE,0,0
"1971",42440069,40.8270356,-73.9401426,1971,FALSE,FALSE,0,0
"1972",42440072,40.8276597,-73.939688,1972,FALSE,FALSE,0,0
"1973",42440075,40.8282799,-73.9392533,1973,FALSE,FALSE,0,0
"1974",42440079,40.867064,-73.926838,1974,FALSE,FALSE,0,0
"1975",42440104,40.8038773,-73.958204,1975,FALSE,FALSE,0,0
"1976",42440112,40.8062968,-73.9577147,1976,FALSE,FALSE,0,0
"1977",42440122,40.8069224,-73.9572588,1977,FALSE,FALSE,0,0
"1978",42440125,40.8075511,-73.9568013,1978,FALSE,FALSE,0,0
"1979",42440131,40.8088028,-73.9558862,1979,FALSE,FALSE,0,0
"1980",42440134,40.8094384,-73.9554225,1980,FALSE,FALSE,0,0
"1981",42440138,40.8106928,-73.9545043,1981,FALSE,FALSE,0,0
"1982",42440144,40.8113669,-73.9540099,1982,FALSE,FALSE,0,0
"1983",42440146,40.8120517,-73.953546,1983,FALSE,FALSE,0,0
"1984",42440153,40.7585437,-73.9772064,1984,FALSE,TRUE,0,0
"1985",42440163,40.7634901,-73.9889429,1985,FALSE,TRUE,0,0
"1986",42440170,40.7646863,-73.9917852,1986,FALSE,TRUE,0,0
"1987",42440253,40.7668305,-73.9968799,1987,FALSE,TRUE,0,0
"1988",42440270,40.7074356,-74.0040807,1988,FALSE,TRUE,0,0
"1989",42440280,40.7090968,-74.0054837,1989,FALSE,TRUE,0,0
"1990",42440282,40.7095739,-74.0064412,1990,FALSE,TRUE,0,0
"1991",42440284,40.7098556,-74.0070037,1991,FALSE,TRUE,0,0
"1992",42440287,40.7102231,-74.0077439,1992,FALSE,TRUE,0,0
"1993",42440323,40.7394943,-73.9867925,1993,FALSE,TRUE,0,0
"1994",42440325,40.7388463,-73.9852411,1994,FALSE,TRUE,0,0
"1995",42440326,40.7381579,-73.983638,1995,FALSE,TRUE,0,0
"1996",42440330,40.7372187,-73.9813983,1996,FALSE,TRUE,0,0
"1997",42440335,40.7095371,-74.0084241,1997,FALSE,TRUE,0,0
"1998",42440340,40.7090816,-74.0077939,1998,FALSE,TRUE,0,0
"1999",42440343,40.7087131,-74.0072873,1999,FALSE,TRUE,0,0
"2000",42440345,40.708229,-74.0065343,2000,FALSE,TRUE,0,0
"2001",42440347,40.7073945,-74.0054889,2001,FALSE,TRUE,0,0
"2002",42440350,40.7068521,-74.0050152,2002,FALSE,TRUE,0,0
"2003",42440353,40.7064117,-74.0045692,2003,FALSE,TRUE,0,0
"2004",42440356,40.7057898,-74.0038751,2004,FALSE,TRUE,0,0
"2005",42440376,40.8166971,-73.9390685,2005,FALSE,FALSE,0,0
"2006",42440381,40.8179369,-73.9381673,2006,FALSE,FALSE,0,0
"2007",42440385,40.8191777,-73.9372632,2007,FALSE,FALSE,0,0
"2008",42440397,40.7769914,-73.9637197,2008,FALSE,FALSE,0,0
"2009",42440401,40.7215294,-73.9837985,2009,FALSE,TRUE,0,0
"2010",42440408,40.7159749,-73.9866936,2010,FALSE,TRUE,0,0
"2011",42440449,40.7104945,-73.9865861,2011,FALSE,TRUE,0,0
"2012",42440452,40.7591757,-73.9767414,2012,FALSE,TRUE,0,0
"2013",42440453,40.7584878,-73.9751336,2013,FALSE,TRUE,0,0
"2014",42440456,40.7577792,-73.9734395,2014,FALSE,TRUE,0,0
"2015",42440459,40.7571246,-73.9719073,2015,FALSE,TRUE,0,0
"2016",42440463,40.7564518,-73.970311,2016,FALSE,TRUE,0,0
"2017",42440465,40.7555038,-73.9680652,2017,FALSE,TRUE,0,0
"2018",42440469,40.7544977,-73.9656942,2018,FALSE,TRUE,0,0
"2019",42440472,40.753935,-73.964347,2019,FALSE,TRUE,0,0
"2020",42440476,40.7538124,-73.9640504,2020,FALSE,TRUE,0,0
"2021",42440494,40.8638064,-73.9194167,2021,FALSE,FALSE,0,0
"2022",42440499,40.86302,-73.917555,2022,FALSE,FALSE,0,0
"2023",42440502,40.862523,-73.916373,2023,FALSE,FALSE,0,0
"2024",42440527,40.7297049,-74.0092082,2024,FALSE,TRUE,0,0
"2025",42440545,40.7282036,-73.995585,2025,FALSE,TRUE,0,0
"2026",42440553,40.7293265,-73.9978721,2026,FALSE,TRUE,0,0
"2027",42440565,40.7554632,-73.9621088,2027,FALSE,FALSE,0,0
"2028",42440566,40.7560685,-73.9616198,2028,FALSE,FALSE,0,0
"2029",42440567,40.7566914,-73.9611654,2029,FALSE,FALSE,0,0
"2030",42440577,40.8069791,-73.9674745,2030,FALSE,FALSE,0,0
"2031",42440628,40.7090728,-74.0169509,2031,FALSE,TRUE,0,0
"2032",42440639,40.709336,-74.016765,2032,FALSE,TRUE,0,0
"2033",42440679,40.7146759,-73.9911284,2033,FALSE,TRUE,0,0
"2034",42440682,40.715805,-73.9905591,2034,FALSE,TRUE,0,0
"2035",42440686,40.7169795,-73.9899465,2035,FALSE,TRUE,0,0
"2036",42440710,40.7360074,-73.9936325,2036,FALSE,TRUE,0,0
"2037",42440721,40.7344321,-73.9898963,2037,FALSE,TRUE,0,0
"2038",42440729,40.7332953,-73.9871802,2038,FALSE,TRUE,0,0
"2039",42440737,40.732353,-73.9849374,2039,FALSE,TRUE,0,0
"2040",42440743,40.7313572,-73.9825575,2040,FALSE,TRUE,0,0
"2041",42440754,40.7284581,-73.9756825,2041,FALSE,TRUE,0,0
"2042",42440785,40.7144207,-73.9902277,2042,FALSE,TRUE,0,0
"2043",42440792,40.7149028,-73.9918872,2043,FALSE,TRUE,0,0
"2044",42440798,40.7156219,-73.9942657,2044,FALSE,TRUE,0,0
"2045",42440804,40.7165615,-73.9969813,2045,FALSE,TRUE,0,0
"2046",42440810,40.7175538,-73.9993088,2046,FALSE,TRUE,0,0
"2047",42440820,40.719915,-74.0025862,2047,FALSE,TRUE,0,0
"2048",42440825,40.720515,-74.0034205,2048,FALSE,TRUE,0,0
"2049",42440829,40.7213666,-74.0046193,2049,FALSE,TRUE,0,0
"2050",42440838,40.7225692,-74.006317,2050,FALSE,TRUE,0,0
"2051",42440847,40.7243158,-74.0086711,2051,FALSE,TRUE,0,0
"2052",42440850,40.7253005,-74.0100926,2052,FALSE,TRUE,0,0
"2053",42440854,40.7258067,-74.01093,2053,FALSE,TRUE,0,0
"2054",42440873,40.7250621,-74.0100729,2054,FALSE,TRUE,0,0
"2055",42440916,40.7222194,-74.0105578,2055,FALSE,TRUE,0,0
"2056",42440918,40.7223272,-74.0116275,2056,FALSE,TRUE,0,0
"2057",42440934,40.769231,-73.9847685,2057,FALSE,TRUE,0,0
"2058",42440935,40.7704036,-73.9875948,2058,FALSE,TRUE,0,0
"2059",42440940,40.736839,-74.003714,2059,FALSE,TRUE,0,0
"2060",42440943,40.7361909,-74.0083227,2060,FALSE,TRUE,0,41
"2061",42440946,40.7359739,-74.0099198,2061,FALSE,TRUE,0,0
"2062",42440951,40.7616758,-73.9749271,2062,FALSE,TRUE,0,0
"2063",42440960,40.7666367,-73.986668,2063,FALSE,TRUE,0,0
"2064",42440966,40.7678263,-73.989495,2064,FALSE,TRUE,0,0
"2065",42441000,40.866438,-73.9304693,2065,FALSE,FALSE,0,0
"2066",42441007,40.8659478,-73.9298529,2066,FALSE,FALSE,0,0
"2067",42441009,40.865631,-73.9284054,2067,FALSE,FALSE,0,0
"2068",42441077,40.8159022,-73.9605612,2068,FALSE,FALSE,0,0
"2069",42441080,40.8140511,-73.961865,2069,FALSE,FALSE,0,0
"2070",42441104,40.8124168,-73.9631713,2070,FALSE,FALSE,0,0
"2071",42441191,40.8168887,-73.9611688,2071,FALSE,FALSE,0,0
"2072",42441251,40.8124025,-73.9639023,2072,FALSE,FALSE,0,0
"2073",42441263,40.8076278,-73.9670504,2073,FALSE,FALSE,0,0
"2074",42441276,40.8057489,-73.9681438,2074,FALSE,FALSE,0,0
"2075",42441283,40.8036829,-73.9693692,2075,FALSE,FALSE,0,0
"2076",42441299,40.8010737,-73.971271,2076,FALSE,FALSE,0,0
"2077",42441310,40.800475,-73.9717928,2077,FALSE,FALSE,0,0
"2078",42441382,40.7966023,-73.9742913,2078,FALSE,FALSE,0,0
"2079",42441521,40.7940047,-73.9763032,2079,FALSE,FALSE,0,0
"2080",42441526,40.7933236,-73.976574,2080,FALSE,FALSE,0,0
"2081",42441535,40.792722,-73.9770873,2081,FALSE,FALSE,0,0
"2082",42441564,40.7899463,-73.9803596,2082,FALSE,FALSE,0,0
"2083",42441569,40.7892552,-73.9808538,2083,FALSE,FALSE,0,0
"2084",42441587,40.7861933,-73.9814421,2084,FALSE,FALSE,0,0
"2085",42441654,40.781771,-73.985081,2085,FALSE,FALSE,0,0
"2086",42441668,40.7831868,-73.9844643,2086,FALSE,FALSE,0,0
"2087",42441670,40.7824893,-73.9847754,2087,FALSE,FALSE,0,0
"2088",42441695,40.838072,-73.9466482,2088,FALSE,FALSE,0,0
"2089",42441701,40.838559,-73.945856,2089,FALSE,FALSE,0,0
"2090",42441704,40.839232,-73.945543,2090,FALSE,FALSE,0,0
"2091",42441771,40.830244,-73.949688,2091,FALSE,FALSE,0,0
"2092",42441774,40.830962,-73.949462,2092,FALSE,FALSE,0,0
"2093",42441777,40.831695,-73.949256,2093,FALSE,FALSE,0,0
"2094",42441805,40.832697,-73.949714,2094,FALSE,FALSE,0,0
"2095",42441823,40.8343523,-73.9490935,2095,FALSE,FALSE,0,0
"2096",42441889,40.7978915,-73.9734588,2096,FALSE,FALSE,0,0
"2097",42441895,40.7991459,-73.9725352,2097,FALSE,FALSE,0,0
"2098",42441899,40.799705,-73.971924,2098,FALSE,FALSE,0,0
"2099",42441903,40.800334,-73.97146,2099,FALSE,FALSE,0,0
"2100",42441907,40.8009607,-73.971004,2100,FALSE,FALSE,0,0
"2101",42441910,40.8035804,-73.9691157,2101,FALSE,FALSE,0,0
"2102",42441913,40.804206,-73.968647,2102,FALSE,FALSE,0,0
"2103",42441926,40.804723,-73.9680127,2103,FALSE,FALSE,0,0
"2104",42441947,40.8216938,-73.9567474,2104,FALSE,FALSE,0,0
"2105",42441949,40.8222347,-73.9561111,2105,FALSE,FALSE,0,0
"2106",42441950,40.8235401,-73.9553367,2106,FALSE,FALSE,0,0
"2107",42441951,40.824739,-73.954347,2107,FALSE,FALSE,0,0
"2108",42441952,40.82582,-73.953014,2108,FALSE,FALSE,0,0
"2109",42441953,40.826424,-73.952533,2109,FALSE,FALSE,0,0
"2110",42441955,40.827678,-73.951321,2110,FALSE,FALSE,0,0
"2111",42441956,40.828296,-73.950858,2111,FALSE,FALSE,0,0
"2112",42442058,40.832522,-73.949663,2112,FALSE,FALSE,0,0
"2113",42442107,40.7054413,-74.0080313,2113,FALSE,TRUE,0,0
"2114",42442123,40.8051509,-73.9452617,2114,FALSE,FALSE,0,0
"2115",42442128,40.8064044,-73.9443406,2115,FALSE,FALSE,0,0
"2116",42442230,40.7213148,-73.9947014,2116,FALSE,TRUE,0,0
"2117",42442247,40.7223037,-73.9971275,2117,FALSE,TRUE,0,0
"2118",42442255,40.7226691,-73.9979746,2118,FALSE,TRUE,120,0
"2119",42442269,40.723423,-73.999609,2119,FALSE,TRUE,0,0
"2120",42442273,40.723795,-74.000367,2120,FALSE,TRUE,0,0
"2121",42442276,40.724552,-74.001933,2121,FALSE,TRUE,0,0
"2122",42442286,40.7256753,-74.0057082,2122,FALSE,TRUE,0,0
"2123",42442288,40.7259304,-74.0083464,2123,FALSE,TRUE,0,85
"2124",42442291,40.7260808,-74.0099015,2124,FALSE,TRUE,0,0
"2125",42442294,40.7261761,-74.0108723,2125,FALSE,TRUE,0,0
"2126",42442384,40.8538229,-73.9363632,2126,FALSE,FALSE,0,0
"2127",42442410,40.7735306,-73.9853181,2127,FALSE,TRUE,0,0
"2128",42442415,40.7741641,-73.9848524,2128,FALSE,TRUE,0,0
"2129",42442417,40.77604,-73.9834857,2129,FALSE,FALSE,0,0
"2130",42442422,40.7772886,-73.9825693,2130,FALSE,FALSE,0,0
"2131",42442445,40.7799206,-73.9806592,2131,FALSE,FALSE,0,0
"2132",42442451,40.780561,-73.98021,2132,FALSE,FALSE,0,0
"2133",42442459,40.7811846,-73.9797549,2133,FALSE,FALSE,0,0
"2134",42442463,40.7831527,-73.9783277,2134,FALSE,FALSE,0,0
"2135",42442469,40.7844692,-73.9773536,2135,FALSE,FALSE,0,0
"2136",42442475,40.7870011,-73.9755093,2136,FALSE,FALSE,0,0
"2137",42442480,40.7876861,-73.9750103,2137,FALSE,FALSE,0,0
"2138",42442492,40.7908816,-73.9726774,2138,FALSE,FALSE,0,0
"2139",42442502,40.7915049,-73.9722334,2139,FALSE,FALSE,0,0
"2140",42442514,40.7921309,-73.9717771,2140,FALSE,FALSE,0,0
"2141",42442528,40.7933852,-73.9708683,2141,FALSE,FALSE,0,0
"2142",42442534,40.7940644,-73.9703681,2142,FALSE,FALSE,0,0
"2143",42442542,40.7947346,-73.9698719,2143,FALSE,FALSE,0,0
"2144",42442549,40.7959832,-73.9689386,2144,FALSE,FALSE,0,0
"2145",42442552,40.7966408,-73.9684579,2145,FALSE,FALSE,0,0
"2146",42442555,40.7972412,-73.9680189,2146,FALSE,FALSE,0,0
"2147",42442557,40.7978705,-73.9675624,2147,FALSE,FALSE,0,0
"2148",42442559,40.7985077,-73.9671272,2148,FALSE,FALSE,0,0
"2149",42442561,40.7991346,-73.9666553,2149,FALSE,FALSE,0,0
"2150",42442565,40.8017333,-73.9647404,2150,FALSE,FALSE,0,0
"2151",42442567,40.8023702,-73.9642763,2151,FALSE,FALSE,0,0
"2152",42442569,40.8029617,-73.963849,2152,FALSE,FALSE,0,0
"2153",42442571,40.8036319,-73.9633898,2153,FALSE,FALSE,0,0
"2154",42442575,40.8061528,-73.9615515,2154,FALSE,FALSE,0,0
"2155",42442577,40.8081275,-73.960109,2155,FALSE,FALSE,0,0
"2156",42442578,40.8087553,-73.9596506,2156,FALSE,FALSE,0,0
"2157",42442584,40.8133809,-73.9562717,2157,FALSE,FALSE,0,0
"2158",42442586,40.8141405,-73.9556965,2158,FALSE,FALSE,0,0
"2159",42442589,40.8144827,-73.9554444,2159,FALSE,FALSE,0,0
"2160",42442592,40.8151098,-73.9550004,2160,FALSE,FALSE,0,0
"2161",42442596,40.8157354,-73.9545419,2161,FALSE,FALSE,0,0
"2162",42442604,40.8195669,-73.9517315,2162,FALSE,FALSE,0,0
"2163",42442609,40.8214397,-73.9503643,2163,FALSE,FALSE,0,0
"2164",42442613,40.8226821,-73.9494564,2164,FALSE,FALSE,0,0
"2165",42442618,40.8239409,-73.9485422,2165,FALSE,FALSE,0,0
"2166",42442621,40.8245499,-73.9480922,2166,FALSE,FALSE,0,0
"2167",42442625,40.825901,-73.9471053,2167,FALSE,FALSE,0,0
"2168",42442628,40.8265263,-73.9466483,2168,FALSE,FALSE,0,0
"2169",42442635,40.8283947,-73.9452839,2169,FALSE,FALSE,0,0
"2170",42442638,40.8290195,-73.9448276,2170,FALSE,FALSE,0,0
"2171",42442642,40.8296401,-73.9443743,2171,FALSE,FALSE,0,0
"2172",42442645,40.8302699,-73.9439142,2172,FALSE,FALSE,0,0
"2173",42442651,40.8315635,-73.9429693,2173,FALSE,FALSE,0,0
"2174",42442656,40.8328806,-73.9420072,2174,FALSE,FALSE,0,0
"2175",42442659,40.8334829,-73.9415672,2175,FALSE,FALSE,0,0
"2176",42442664,40.8347248,-73.9406514,2176,FALSE,FALSE,0,0
"2177",42442671,40.8353595,-73.9401964,2177,FALSE,FALSE,0,0
"2178",42442684,40.8365752,-73.9393372,2178,FALSE,FALSE,0,0
"2179",42442697,40.8372351,-73.9388597,2179,FALSE,FALSE,0,0
"2180",42442702,40.8384866,-73.937912,2180,FALSE,FALSE,0,0
"2181",42442703,40.8386821,-73.9377692,2181,FALSE,FALSE,0,0
"2182",42442710,40.839864,-73.9369058,2182,FALSE,FALSE,0,0
"2183",42442717,40.8404789,-73.9364566,2183,FALSE,FALSE,0,0
"2184",42442722,40.8423037,-73.9351235,2184,FALSE,FALSE,0,0
"2185",42442723,40.8435645,-73.9342023,2185,FALSE,FALSE,0,0
"2186",42442728,40.845538,-73.9327605,2186,FALSE,FALSE,0,0
"2187",42442733,40.8467995,-73.9318387,2187,FALSE,FALSE,0,0
"2188",42442734,40.8481397,-73.9308625,2188,FALSE,FALSE,0,0
"2189",42442738,40.8484776,-73.9306128,2189,FALSE,FALSE,0,0
"2190",42442741,40.8486927,-73.9304556,2190,FALSE,FALSE,0,0
"2191",42442745,40.8499152,-73.9296359,2191,FALSE,FALSE,0,0
"2192",42442755,40.851193,-73.9286543,2192,FALSE,FALSE,0,0
"2193",42442764,40.8524955,-73.9276972,2193,FALSE,FALSE,0,0
"2194",42442766,40.8531188,-73.927239,2194,FALSE,FALSE,0,0
"2195",42442770,40.8537179,-73.9268061,2195,FALSE,FALSE,0,0
"2196",42442788,40.7190823,-73.9763832,2196,FALSE,TRUE,0,0
"2197",42442836,40.723793,-73.9912412,2197,FALSE,TRUE,0,0
"2198",42442838,40.7241092,-73.9909579,2198,FALSE,TRUE,0,0
"2199",42442842,40.7242809,-73.9908333,2199,FALSE,TRUE,0,0
"2200",42442843,40.7249299,-73.9903454,2200,FALSE,TRUE,0,0
"2201",42442848,40.726188,-73.989429,2201,FALSE,TRUE,0,0
"2202",42442850,40.7267997,-73.9889783,2202,FALSE,TRUE,0,0
"2203",42442851,40.7274076,-73.9885349,2203,FALSE,TRUE,0,0
"2204",42442857,40.7291945,-73.987237,2204,FALSE,TRUE,0,0
"2205",42442862,40.7303818,-73.9863742,2205,FALSE,TRUE,0,0
"2206",42442870,40.731019,-73.985909,2206,FALSE,TRUE,0,0
"2207",42442877,40.734263,-73.9835476,2207,FALSE,TRUE,0,0
"2208",42442881,40.7354311,-73.9826949,2208,FALSE,TRUE,0,0
"2209",42442889,40.7378893,-73.9809116,2209,FALSE,TRUE,0,0
"2210",42442891,40.7391809,-73.9799749,2210,FALSE,TRUE,0,0
"2211",42442895,40.7404187,-73.979088,2211,FALSE,TRUE,0,0
"2212",42442898,40.7410388,-73.9786461,2212,FALSE,TRUE,0,0
"2213",42442902,40.7422741,-73.9777196,2213,FALSE,TRUE,0,0
"2214",42442906,40.7428856,-73.9772801,2214,FALSE,TRUE,0,0
"2215",42442910,40.7435047,-73.9768235,2215,FALSE,TRUE,85,0
"2216",42442913,40.7441114,-73.9763847,2216,FALSE,TRUE,0,0
"2217",42442918,40.7466882,-73.9745073,2217,FALSE,TRUE,0,0
"2218",42442931,40.7472997,-73.9740676,2218,FALSE,TRUE,0,0
"2219",42442933,40.7479309,-73.9735956,2219,FALSE,TRUE,0,0
"2220",42442935,40.7485526,-73.9731576,2220,FALSE,TRUE,0,0
"2221",42442937,40.7498355,-73.9721985,2221,FALSE,TRUE,0,0
"2222",42442939,40.750494,-73.971713,2222,FALSE,TRUE,0,0
"2223",42442943,40.751122,-73.971263,2223,FALSE,TRUE,0,0
"2224",42442947,40.7517476,-73.9708043,2224,FALSE,TRUE,0,0
"2225",42442948,40.7529893,-73.9698968,2225,FALSE,TRUE,0,0
"2226",42442949,40.753624,-73.969431,2226,FALSE,TRUE,0,0
"2227",42442952,40.754877,-73.96852,2227,FALSE,TRUE,0,0
"2228",42442955,40.7561457,-73.9676181,2228,FALSE,TRUE,0,0
"2229",42442957,40.757381,-73.966702,2229,FALSE,TRUE,0,0
"2230",42442959,40.7580289,-73.9662476,2230,FALSE,TRUE,0,0
"2231",42442960,40.758647,-73.9657958,2231,FALSE,TRUE,0,0
"2232",42442961,40.7599916,-73.9648028,2232,FALSE,TRUE,0,0
"2233",42442963,40.7624978,-73.9629826,2233,FALSE,TRUE,0,0
"2234",42442977,40.7643672,-73.9616072,2234,FALSE,FALSE,0,0
"2235",42442983,40.7649919,-73.9611441,2235,FALSE,FALSE,0,0
"2236",42443000,40.7668715,-73.9597829,2236,FALSE,FALSE,0,0
"2237",42443009,40.7681385,-73.9588757,2237,FALSE,FALSE,0,0
"2238",42443020,40.7714057,-73.956491,2238,FALSE,FALSE,0,0
"2239",42443024,40.7720395,-73.9560266,2239,FALSE,FALSE,0,0
"2240",42443027,40.7733539,-73.9550691,2240,FALSE,FALSE,0,0
"2241",42443029,40.774666,-73.9540995,2241,FALSE,FALSE,0,0
"2242",42443032,40.7759238,-73.9531654,2242,FALSE,FALSE,0,0
"2243",42443037,40.7771941,-73.9522399,2243,FALSE,FALSE,0,0
"2244",42443040,40.778551,-73.951248,2244,FALSE,FALSE,0,0
"2245",42443042,40.7791759,-73.9507943,2245,FALSE,FALSE,0,0
"2246",42443044,40.7804348,-73.9498809,2246,FALSE,FALSE,0,0
"2247",42443046,40.7810699,-73.9494125,2247,FALSE,FALSE,0,0
"2248",42443048,40.7816881,-73.9489622,2248,FALSE,FALSE,0,0
"2249",42443050,40.7823112,-73.9485053,2249,FALSE,FALSE,0,0
"2250",42443052,40.7829443,-73.9480373,2250,FALSE,FALSE,0,0
"2251",42443054,40.7842494,-73.9470901,2251,FALSE,FALSE,0,0
"2252",42443056,40.7849455,-73.9465916,2252,FALSE,FALSE,0,0
"2253",42443058,40.7861808,-73.9457073,2253,FALSE,FALSE,0,0
"2254",42443061,40.7868144,-73.9452422,2254,FALSE,FALSE,0,0
"2255",42443066,40.7899429,-73.9429284,2255,FALSE,FALSE,0,0
"2256",42443068,40.7906269,-73.9424329,2256,FALSE,FALSE,0,0
"2257",42443072,40.7925561,-73.9410289,2257,FALSE,FALSE,0,0
"2258",42443077,40.7938155,-73.9401082,2258,FALSE,FALSE,0,0
"2259",42443078,40.7944609,-73.9396345,2259,FALSE,FALSE,0,0
"2260",42443081,40.7950753,-73.9391857,2260,FALSE,FALSE,0,0
"2261",42443085,40.7970162,-73.9377697,2261,FALSE,FALSE,0,0
"2262",42443088,40.7976795,-73.9372797,2262,FALSE,FALSE,0,0
"2263",42443092,40.7995598,-73.9359116,2263,FALSE,FALSE,0,0
"2264",42443096,40.8001963,-73.9354447,2264,FALSE,FALSE,0,0
"2265",42443099,40.8008201,-73.9349913,2265,FALSE,FALSE,0,0
"2266",42443105,40.8014525,-73.9345304,2266,FALSE,FALSE,0,0
"2267",42443116,40.8027638,-73.9335768,2267,FALSE,FALSE,0,0
"2268",42443118,40.8040729,-73.9326682,2268,FALSE,FALSE,0,0
"2269",42443119,40.8045404,-73.9323176,2269,FALSE,FALSE,0,0
"2270",42443127,40.7237271,-73.9910315,2270,FALSE,TRUE,0,0
"2271",42443181,40.8155364,-73.9597119,2271,FALSE,FALSE,0,0
"2272",42443263,40.7893529,-73.9570893,2272,FALSE,FALSE,0,0
"2273",42443264,40.7885854,-73.9552649,2273,FALSE,FALSE,0,0
"2274",42443268,40.7879006,-73.9557669,2274,FALSE,FALSE,0,0
"2275",42443280,40.783258,-73.9745509,2275,FALSE,FALSE,0,0
"2276",42443296,40.7298431,-73.9896929,2276,FALSE,TRUE,0,0
"2277",42443298,40.7299057,-73.9889161,2277,FALSE,TRUE,0,0
"2278",42443313,40.7717305,-73.9829512,2278,FALSE,TRUE,0,0
"2279",42443326,40.7748544,-73.9806716,2279,FALSE,TRUE,33,0
"2280",42443329,40.7754797,-73.9802121,2280,FALSE,FALSE,0,0
"2281",42443332,40.7761092,-73.9797528,2281,FALSE,FALSE,0,0
"2282",42443336,40.7774164,-73.9787995,2282,FALSE,FALSE,0,0
"2283",42443341,40.7787465,-73.9778546,2283,FALSE,FALSE,0,0
"2284",42443344,40.7793715,-73.9773846,2284,FALSE,FALSE,0,0
"2285",42443346,40.7799947,-73.9769106,2285,FALSE,FALSE,0,0
"2286",42443347,40.7819606,-73.9754991,2286,FALSE,FALSE,0,0
"2287",42443349,40.7858165,-73.9726992,2287,FALSE,FALSE,0,0
"2288",42443353,40.7864968,-73.9721811,2288,FALSE,FALSE,0,0
"2289",42443363,40.7903176,-73.9694076,2289,FALSE,FALSE,0,0
"2290",42443366,40.7909442,-73.9689668,2290,FALSE,FALSE,0,0
"2291",42443373,40.7921969,-73.9680402,2291,FALSE,FALSE,0,0
"2292",42443381,40.792876,-73.9675451,2292,FALSE,FALSE,0,0
"2293",42443388,40.7935554,-73.9670321,2293,FALSE,FALSE,0,0
"2294",42443403,40.795486,-73.9656255,2294,FALSE,FALSE,0,0
"2295",42443406,40.7979207,-73.9638432,2295,FALSE,FALSE,0,0
"2296",42443413,40.8005466,-73.9619296,2296,FALSE,FALSE,0,0
"2297",42443426,40.8011797,-73.9614635,2297,FALSE,FALSE,0,0
"2298",42443486,40.855157,-73.932092,2298,FALSE,FALSE,0,0
"2299",42443488,40.855755,-73.931655,2299,FALSE,FALSE,0,0
"2300",42443492,40.8573725,-73.9299339,2300,FALSE,FALSE,0,0
"2301",42443513,40.7232759,-73.9884461,2301,FALSE,TRUE,0,0
"2302",42443520,40.859545,-73.927977,2302,FALSE,FALSE,0,0
"2303",42443522,40.860242,-73.92842,2303,FALSE,FALSE,0,0
"2304",42443524,40.860862,-73.928817,2304,FALSE,FALSE,0,0
"2305",42443528,40.7572829,-73.9781109,2305,FALSE,TRUE,0,0
"2306",42443532,40.7622326,-73.9898591,2306,FALSE,TRUE,0,0
"2307",42443534,40.7634277,-73.9927007,2307,FALSE,TRUE,0,0
"2308",42443549,40.7655765,-73.9977981,2308,FALSE,TRUE,0,0
"2309",42443556,40.7547828,-73.9799429,2309,FALSE,TRUE,0,0
"2310",42443561,40.7597283,-73.9916836,2310,FALSE,TRUE,0,0
"2311",42443563,40.7609247,-73.9945259,2311,FALSE,TRUE,0,0
"2312",42443570,40.7631549,-73.9997758,2312,FALSE,TRUE,0,0
"2313",42443574,40.8258825,-73.9393198,2313,FALSE,FALSE,0,0
"2314",42443582,40.8278201,-73.9439099,2314,FALSE,FALSE,0,0
"2315",42443588,40.7140166,-74.0044302,2315,FALSE,TRUE,0,0
"2316",42443612,40.7616156,-73.9728581,2316,FALSE,TRUE,0,0
"2317",42443613,40.7609096,-73.9711599,2317,FALSE,TRUE,0,0
"2318",42443614,40.7602528,-73.9696237,2318,FALSE,TRUE,0,0
"2319",42443615,40.7596014,-73.9680635,2319,FALSE,TRUE,0,338
"2320",42443618,40.7576367,-73.9634088,2320,FALSE,TRUE,0,0
"2321",42443621,40.7565033,-73.9607182,2321,FALSE,FALSE,0,0
"2322",42443658,40.8233637,-73.9471685,2322,FALSE,FALSE,0,0
"2323",42443659,40.8240836,-73.9488816,2323,FALSE,FALSE,0,0
"2324",42443666,40.7057599,-74.0170046,2324,FALSE,TRUE,0,41
"2325",42443671,40.7402701,-73.9905315,2325,FALSE,TRUE,0,0
"2326",42443674,40.7452231,-74.002304,2326,FALSE,TRUE,0,0
"2327",42443676,40.7463948,-74.0051067,2327,FALSE,TRUE,0,0
"2328",42443677,40.7475038,-74.0077312,2328,FALSE,TRUE,0,0
"2329",42443680,40.747152,-73.9854903,2329,FALSE,TRUE,0,0
"2330",42443799,40.7281239,-73.9902269,2330,FALSE,TRUE,0,0
"2331",42443807,40.7537188,-73.9774323,2331,FALSE,TRUE,0,0
"2332",42443810,40.754351,-73.9769749,2332,FALSE,TRUE,0,0
"2333",42443811,40.7556019,-73.9760646,2333,FALSE,TRUE,0,0
"2334",42443817,40.8025484,-73.9429883,2334,FALSE,FALSE,0,0
"2335",42443818,40.8018088,-73.9412451,2335,FALSE,FALSE,0,0
"2336",42443819,40.8011859,-73.9397578,2336,FALSE,FALSE,0,0
"2337",42443821,40.8005038,-73.9381606,2337,FALSE,FALSE,0,0
"2338",42443824,40.7985686,-73.9335312,2338,FALSE,FALSE,0,0
"2339",42443826,40.7976374,-73.9312818,2339,FALSE,FALSE,0,0
"2340",42443844,40.7117008,-74.0069661,2340,FALSE,TRUE,0,0
"2341",42443928,40.7101204,-73.9897857,2341,FALSE,TRUE,0,0
"2342",42443950,40.7503415,-73.9831749,2342,FALSE,TRUE,0,0
"2343",42443975,40.7564802,-73.997767,2343,FALSE,TRUE,0,0
"2344",42444028,40.8267594,-73.9375935,2344,FALSE,FALSE,0,0
"2345",42444043,40.7547351,-73.9778672,2345,FALSE,TRUE,0,0
"2346",42444049,40.753367,-73.974648,2346,FALSE,TRUE,0,0
"2347",42444051,40.7526987,-73.973049,2347,FALSE,TRUE,0,0
"2348",42444055,40.7507505,-73.9684095,2348,FALSE,TRUE,0,0
"2349",42444060,40.848735,-73.932337,2349,FALSE,FALSE,0,0
"2350",42444069,40.84984,-73.934966,2350,FALSE,FALSE,0,0
"2351",42444081,40.850448,-73.936661,2351,FALSE,FALSE,0,0
"2352",42444097,40.851179,-73.939236,2352,FALSE,FALSE,0,0
"2353",42444108,40.7085457,-73.9990003,2353,FALSE,TRUE,0,0
"2354",42444116,40.7095135,-73.9940239,2354,FALSE,TRUE,0,0
"2355",42444123,40.7097965,-73.9919815,2355,FALSE,TRUE,0,0
"2356",42444129,40.7098281,-73.991777,2356,FALSE,TRUE,0,0
"2357",42444223,40.7037626,-74.0070517,2357,FALSE,TRUE,0,0
"2358",42444230,40.7042528,-74.0062946,2358,FALSE,TRUE,0,0
"2359",42444242,40.7052329,-74.0047485,2359,FALSE,TRUE,0,0
"2360",42444267,40.733204,-74.0098,2360,FALSE,TRUE,0,0
"2361",42444271,40.7080602,-74.0034478,2361,FALSE,TRUE,0,0
"2362",42444353,40.7031643,-74.0144385,2362,FALSE,TRUE,0,0
"2363",42444355,40.7031234,-74.0130194,2363,FALSE,TRUE,0,0
"2364",42444360,40.7032112,-74.0126385,2364,FALSE,TRUE,0,0
"2365",42444414,40.7055443,-74.0079409,2365,FALSE,TRUE,0,0
"2366",42444424,40.706735,-74.0067819,2366,FALSE,TRUE,0,0
"2367",42444452,40.8064189,-73.9422694,2367,FALSE,FALSE,0,0
"2368",42444453,40.8057387,-73.9406432,2368,FALSE,FALSE,0,0
"2369",42444456,40.8049979,-73.9388881,2369,FALSE,FALSE,0,0
"2370",42444457,40.8043802,-73.9374253,2370,FALSE,FALSE,0,0
"2371",42444458,40.8037065,-73.9358291,2371,FALSE,FALSE,0,0
"2372",42444479,40.7036181,-74.0144028,2372,FALSE,TRUE,0,0
"2373",42444480,40.7035982,-74.0131307,2373,FALSE,TRUE,0,0
"2374",42444485,40.7866012,-73.9567171,2374,FALSE,FALSE,0,0
"2375",42444487,40.7859253,-73.9551138,2375,FALSE,FALSE,0,0
"2376",42444491,40.7852132,-73.9534225,2376,FALSE,FALSE,0,0
"2377",42444495,40.7845692,-73.951892,2377,FALSE,FALSE,0,0
"2378",42444500,40.7839085,-73.9502957,2378,FALSE,FALSE,0,0
"2379",42444506,40.781947,-73.94567,2379,FALSE,FALSE,0,0
"2380",42444581,40.8382889,-73.9336778,2380,FALSE,FALSE,0,0
"2381",42444809,40.7840871,-73.9585567,2381,FALSE,FALSE,0,0
"2382",42444810,40.7834134,-73.9569479,2382,FALSE,FALSE,0,0
"2383",42444812,40.7827019,-73.9552544,2383,FALSE,FALSE,0,0
"2384",42444814,40.7820567,-73.9537232,2384,FALSE,FALSE,0,0
"2385",42444817,40.7813773,-73.9521166,2385,FALSE,FALSE,0,0
"2386",42444820,40.7794315,-73.9474999,2386,FALSE,FALSE,0,0
"2387",42444827,40.726409,-73.986176,2387,FALSE,TRUE,0,0
"2388",42444829,40.7254711,-73.9839534,2388,FALSE,TRUE,0,0
"2389",42444832,40.724494,-73.981637,2389,FALSE,TRUE,0,0
"2390",42444833,40.7234983,-73.9792686,2390,FALSE,TRUE,0,0
"2391",42444835,40.722498,-73.976893,2391,FALSE,TRUE,0,0
"2392",42444837,40.7216193,-73.9747705,2392,FALSE,TRUE,0,0
"2393",42444854,40.8239826,-73.9467254,2393,FALSE,FALSE,0,0
"2394",42444873,40.868777,-73.913352,2394,FALSE,FALSE,0,0
"2395",42444880,40.869444,-73.912847,2395,FALSE,FALSE,0,0
"2396",42444884,40.8710506,-73.9116992,2396,FALSE,FALSE,0,0
"2397",42444909,40.7422885,-74.0044325,2397,FALSE,TRUE,0,0
"2398",42444916,40.7440561,-74.0031552,2398,FALSE,TRUE,26,0
"2399",42444928,40.7477804,-74.000438,2399,FALSE,TRUE,0,0
"2400",42444933,40.7484089,-73.9999781,2400,FALSE,TRUE,0,0
"2401",42444954,40.7527349,-73.996798,2401,FALSE,TRUE,0,0
"2402",42444960,40.7540713,-73.9958428,2402,FALSE,TRUE,0,0
"2403",42444964,40.7546861,-73.9953826,2403,FALSE,TRUE,0,0
"2404",42444985,40.7565324,-73.9940178,2404,FALSE,TRUE,0,0
"2405",42444991,40.7571536,-73.9935785,2405,FALSE,TRUE,0,20
"2406",42445001,40.75784,-73.9930728,2406,FALSE,TRUE,0,0
"2407",42445011,40.7591038,-73.9921385,2407,FALSE,TRUE,0,0
"2408",42445018,40.7609866,-73.990767,2408,FALSE,TRUE,0,0
"2409",42445020,40.7616052,-73.9903162,2409,FALSE,TRUE,0,0
"2410",42445025,40.7641124,-73.9884895,2410,FALSE,TRUE,0,0
"2411",42445027,40.7647531,-73.9880232,2411,FALSE,TRUE,0,0
"2412",42445033,40.7659937,-73.9871254,2412,FALSE,TRUE,0,0
"2413",42445037,40.767916,-73.9857183,2413,FALSE,TRUE,0,0
"2414",42445039,40.7685979,-73.9852202,2414,FALSE,TRUE,0,0
"2415",42445046,40.860527,-73.919379,2415,FALSE,FALSE,0,0
"2416",42445051,40.861775,-73.918469,2416,FALSE,FALSE,0,0
"2417",42445054,40.862394,-73.918015,2417,FALSE,FALSE,0,0
"2418",42445171,40.7241745,-74.0102257,2418,FALSE,TRUE,0,0
"2419",42445174,40.7242763,-74.0112346,2419,FALSE,TRUE,0,0
"2420",42445183,40.8038123,-73.9420768,2420,FALSE,FALSE,0,0
"2421",42445185,40.8030712,-73.9403209,2421,FALSE,FALSE,0,0
"2422",42445189,40.8024528,-73.9388372,2422,FALSE,FALSE,0,0
"2423",42445196,40.8017666,-73.9372351,2423,FALSE,FALSE,0,0
"2424",42445215,40.8051841,-73.9472816,2424,FALSE,FALSE,0,0
"2425",42445219,40.8082223,-73.9544988,2425,FALSE,FALSE,0,0
"2426",42445225,40.7717837,-73.9675292,2426,FALSE,TRUE,0,0
"2427",42445227,40.7711054,-73.9659285,2427,FALSE,TRUE,0,0
"2428",42445230,40.770387,-73.9642066,2428,FALSE,TRUE,0,0
"2429",42445232,40.7697511,-73.9627039,2429,FALSE,TRUE,0,0
"2430",42445236,40.7690777,-73.9611072,2430,FALSE,FALSE,0,0
"2431",42445247,40.7671313,-73.9564821,2431,FALSE,FALSE,0,0
"2432",42445256,40.7891818,-73.9527422,2432,FALSE,FALSE,0,0
"2433",42445258,40.7884393,-73.9510061,2433,FALSE,FALSE,0,0
"2434",42445259,40.7878098,-73.949529,2434,FALSE,FALSE,0,0
"2435",42445263,40.785172,-73.9433191,2435,FALSE,FALSE,0,0
"2436",42445291,40.717671,-74.015769,2436,FALSE,TRUE,0,0
"2437",42445310,40.7495921,-74.0027848,2437,FALSE,TRUE,267,0
"2438",42445314,40.7517211,-74.0078208,2438,FALSE,TRUE,0,0
"2439",42445356,40.7154408,-74.0075519,2439,FALSE,TRUE,0,0
"2440",42445357,40.7160188,-74.0088192,2440,FALSE,TRUE,0,0
"2441",42445365,40.7477686,-73.9829619,2441,FALSE,TRUE,0,0
"2442",42445374,40.7464087,-73.9797169,2442,FALSE,TRUE,0,0
"2443",42445378,40.7457407,-73.9781134,2443,FALSE,TRUE,0,0
"2444",42445382,40.7454055,-73.9773278,2444,FALSE,TRUE,0,0
"2445",42445387,40.7445022,-73.9752025,2445,FALSE,TRUE,0,0
"2446",42445390,40.7437863,-73.973508,2446,FALSE,TRUE,75,0
"2447",42445392,40.7431778,-73.9720697,2447,FALSE,TRUE,0,0
"2448",42445404,40.7452501,-73.984794,2448,FALSE,TRUE,0,0
"2449",42445409,40.7445433,-73.9831115,2449,FALSE,TRUE,0,0
"2450",42445413,40.7432118,-73.9799582,2450,FALSE,TRUE,0,0
"2451",42445417,40.7412737,-73.9753382,2451,FALSE,TRUE,0,0
"2452",42445426,40.7947105,-73.936353,2452,FALSE,FALSE,0,0
"2453",42445466,40.7155864,-74.0030308,2453,FALSE,TRUE,0,0
"2454",42445474,40.716182,-74.0025478,2454,FALSE,TRUE,0,0
"2455",42445479,40.716731,-74.002078,2455,FALSE,TRUE,0,0
"2456",42445481,40.7173003,-74.0015648,2456,FALSE,TRUE,0,0
"2457",42445484,40.717932,-74.000988,2457,FALSE,TRUE,0,0
"2458",42445489,40.7200529,-73.9990418,2458,FALSE,TRUE,0,0
"2459",42445498,40.723686,-73.996476,2459,FALSE,TRUE,0,0
"2460",42445511,40.7251518,-73.9952749,2460,FALSE,TRUE,97,0
"2461",42445520,40.72664,-73.994129,2461,FALSE,TRUE,0,0
"2462",42445534,40.727867,-73.993147,2462,FALSE,TRUE,0,0
"2463",42445543,40.730046,-73.991121,2463,FALSE,TRUE,0,0
"2464",42445548,40.730615,-73.990646,2464,FALSE,TRUE,0,0
"2465",42445558,40.7305518,-73.9904901,2465,FALSE,TRUE,0,0
"2466",42445561,40.8602477,-73.9187061,2466,FALSE,FALSE,0,0
"2467",42445562,40.861457,-73.9177129,2467,FALSE,FALSE,0,0
"2468",42445563,40.8620485,-73.9172236,2468,FALSE,FALSE,0,0
"2469",42445574,40.726435,-74.005658,2469,FALSE,TRUE,0,0
"2470",42445585,40.8140424,-73.936692,2470,FALSE,FALSE,0,0
"2471",42445587,40.8153746,-73.9398384,2471,FALSE,FALSE,0,0
"2472",42445603,40.7169743,-73.9944553,2472,FALSE,TRUE,0,0
"2473",42445606,40.7176001,-73.9963251,2473,FALSE,TRUE,0,0
"2474",42445612,40.7184427,-73.9987539,2474,FALSE,TRUE,0,0
"2475",42445617,40.7155607,-73.9897482,2475,FALSE,TRUE,0,0
"2476",42445620,40.7160318,-73.9913119,2476,FALSE,TRUE,0,0
"2477",42445630,40.7144648,-73.9816369,2477,FALSE,TRUE,0,0
"2478",42445634,40.8624268,-73.9225094,2478,FALSE,FALSE,0,0
"2479",42445635,40.863416,-73.923137,2479,FALSE,FALSE,0,0
"2480",42445637,40.867133,-73.925514,2480,FALSE,FALSE,0,0
"2481",42445640,40.867769,-73.925919,2481,FALSE,FALSE,0,0
"2482",42445644,40.8606861,-73.9216811,2482,FALSE,FALSE,0,0
"2483",42445649,40.7515813,-73.9822757,2483,FALSE,TRUE,0,0
"2484",42445651,40.7509069,-73.9806768,2484,FALSE,TRUE,0,0
"2485",42445653,40.7501829,-73.9789567,2485,FALSE,TRUE,0,0
"2486",42445656,40.7495392,-73.9774292,2486,FALSE,TRUE,0,0
"2487",42445661,40.7488692,-73.975839,2487,FALSE,TRUE,0,0
"2488",42445664,40.7485037,-73.9749714,2488,FALSE,TRUE,0,0
"2489",42445666,40.7475701,-73.9727421,2489,FALSE,TRUE,0,0
"2490",42445667,40.7469293,-73.9712165,2490,FALSE,TRUE,0,0
"2491",42445672,40.850694,-73.927477,2491,FALSE,FALSE,0,0
"2492",42445675,40.851793,-73.930101,2492,FALSE,FALSE,0,0
"2493",42445680,40.852898,-73.932725,2493,FALSE,FALSE,0,0
"2494",42445689,40.853479,-73.935133,2494,FALSE,FALSE,0,0
"2495",42445700,40.7196981,-74.0059645,2495,FALSE,TRUE,0,0
"2496",42445702,40.7197847,-74.0068153,2496,FALSE,TRUE,0,0
"2497",42445731,40.7828325,-73.9594602,2497,FALSE,FALSE,0,0
"2498",42445733,40.7821666,-73.9578583,2498,FALSE,FALSE,0,0
"2499",42445736,40.7814517,-73.956168,2499,FALSE,FALSE,0,0
"2500",42445738,40.7808061,-73.9546344,2500,FALSE,FALSE,0,0
"2501",42445740,40.7801285,-73.9530275,2501,FALSE,FALSE,0,0
"2502",42445748,40.7781772,-73.9484255,2502,FALSE,FALSE,0,0
"2503",42445757,40.776257,-73.9438474,2503,FALSE,FALSE,0,0
"2504",42445766,40.742834,-74.007705,2504,FALSE,TRUE,0,0
"2505",42445769,40.7431586,-74.0085326,2505,FALSE,TRUE,0,0
"2506",42445773,40.867026,-73.917044,2506,FALSE,FALSE,0,0
"2507",42445804,40.7497536,-73.9699431,2507,FALSE,TRUE,0,0
"2508",42445817,40.7935411,-73.9472775,2508,FALSE,FALSE,0,0
"2509",42445823,40.79293,-73.9457883,2509,FALSE,FALSE,0,0
"2510",42445840,40.7949631,-73.9506082,2510,FALSE,FALSE,0,0
"2511",42445843,40.7942835,-73.9490156,2511,FALSE,FALSE,0,0
"2512",42445867,40.7408836,-73.9879839,2512,FALSE,TRUE,0,0
"2513",42445879,40.742157,-73.9870446,2513,FALSE,TRUE,0,0
"2514",42445885,40.7433908,-73.9861457,2514,FALSE,TRUE,0,0
"2515",42445888,40.7440046,-73.9856985,2515,FALSE,TRUE,0,0
"2516",42445896,40.7458588,-73.9843457,2516,FALSE,TRUE,0,0
"2517",42445899,40.7464825,-73.9838914,2517,FALSE,TRUE,64,0
"2518",42445903,40.7471011,-73.9834426,2518,FALSE,TRUE,0,0
"2519",42445908,40.7490542,-73.9820215,2519,FALSE,TRUE,0,0
"2520",42445909,40.7496645,-73.9815704,2520,FALSE,TRUE,0,0
"2521",42445910,40.7502832,-73.9811233,2521,FALSE,TRUE,0,0
"2522",42445914,40.7515286,-73.9802259,2522,FALSE,TRUE,0,0
"2523",42445916,40.7528125,-73.9792873,2523,FALSE,TRUE,0,0
"2524",42445917,40.7534831,-73.9787785,2524,FALSE,TRUE,0,0
"2525",42445920,40.754099,-73.9783295,2525,FALSE,TRUE,0,0
"2526",42445924,40.7559868,-73.9769642,2526,FALSE,TRUE,0,0
"2527",42445926,40.7566036,-73.976512,2527,FALSE,TRUE,0,0
"2528",42445928,40.7578582,-73.975593,2528,FALSE,TRUE,0,0
"2529",42445930,40.7591136,-73.9746825,2529,FALSE,TRUE,0,0
"2530",42445936,40.7603711,-73.9737664,2530,FALSE,TRUE,0,0
"2531",42445941,40.7609986,-73.9733102,2531,FALSE,TRUE,0,0
"2532",42445947,40.7629713,-73.9718668,2532,FALSE,TRUE,0,0
"2533",42445950,40.7635873,-73.9714224,2533,FALSE,TRUE,0,0
"2534",42445953,40.7642357,-73.9709527,2534,FALSE,TRUE,0,0
"2535",42445961,40.7654664,-73.9700424,2535,FALSE,TRUE,0,0
"2536",42445972,40.7673574,-73.9686619,2536,FALSE,TRUE,0,0
"2537",42445976,40.7679741,-73.9682111,2537,FALSE,TRUE,0,0
"2538",42445994,40.7698511,-73.9668519,2538,FALSE,TRUE,0,0
"2539",42446013,40.7743793,-73.9635603,2539,FALSE,TRUE,0,0
"2540",42446016,40.7750204,-73.9630908,2540,FALSE,FALSE,0,0
"2541",42446021,40.7763336,-73.9621347,2541,FALSE,FALSE,0,0
"2542",42446026,40.7776355,-73.9611664,2542,FALSE,FALSE,0,0
"2543",42446031,40.7789076,-73.9602361,2543,FALSE,FALSE,0,0
"2544",42446036,40.780173,-73.959311,2544,FALSE,FALSE,0,0
"2545",42446041,40.7815341,-73.9583086,2545,FALSE,FALSE,0,0
"2546",42446066,40.7840524,-73.956481,2546,FALSE,FALSE,0,0
"2547",42446070,40.784669,-73.9560317,2547,FALSE,FALSE,0,0
"2548",42446072,40.7852993,-73.9555695,2548,FALSE,FALSE,0,0
"2549",42446086,40.787231,-73.9541623,2549,FALSE,FALSE,0,0
"2550",42446093,40.787902,-73.9536721,2550,FALSE,FALSE,0,0
"2551",42446099,40.7885301,-73.9532121,2551,FALSE,FALSE,0,0
"2552",42446132,40.7929332,-73.9500043,2552,FALSE,FALSE,0,0
"2553",42446138,40.7936162,-73.9495058,2553,FALSE,FALSE,0,0
"2554",42446147,40.7955444,-73.9480973,2554,FALSE,FALSE,0,0
"2555",42446152,40.7968004,-73.9471765,2555,FALSE,FALSE,0,0
"2556",42446155,40.7974442,-73.9467077,2556,FALSE,FALSE,0,0
"2557",42446161,40.7999781,-73.9448411,2557,FALSE,FALSE,0,0
"2558",42446164,40.8006644,-73.9443571,2558,FALSE,FALSE,0,0
"2559",42446169,40.8031793,-73.94254,2559,FALSE,FALSE,0,0
"2560",42446171,40.804439,-73.94162,2560,FALSE,FALSE,0,0
"2561",42446177,40.8070341,-73.9397061,2561,FALSE,FALSE,0,0
"2562",42446182,40.8076491,-73.9392584,2562,FALSE,FALSE,0,0
"2563",42446184,40.8089094,-73.9383407,2563,FALSE,FALSE,0,0
"2564",42446187,40.8095324,-73.9378846,2564,FALSE,FALSE,0,0
"2565",42446190,40.8101814,-73.9374066,2565,FALSE,FALSE,0,0
"2566",42446203,40.8084187,-73.9449268,2566,FALSE,FALSE,0,0
"2567",42446218,40.815546,-73.9569253,2567,FALSE,FALSE,0,0
"2568",42446228,40.8688503,-73.9114398,2568,FALSE,FALSE,0,0
"2569",42446231,40.870225,-73.914694,2569,FALSE,FALSE,0,0
"2570",42446245,40.7195316,-73.9838123,2570,FALSE,TRUE,0,0
"2571",42446266,40.7433005,-73.9840243,2571,FALSE,TRUE,0,0
"2572",42446270,40.7426439,-73.9824628,2572,FALSE,TRUE,0,0
"2573",42446275,40.7419683,-73.9808564,2573,FALSE,TRUE,0,0
"2574",42446293,40.7400362,-73.9762474,2574,FALSE,TRUE,0,0
"2575",42446331,40.844846,-73.935181,2575,FALSE,FALSE,0,0
"2576",42446337,40.845948,-73.937809,2576,FALSE,FALSE,0,0
"2577",42446353,40.7597993,-73.9762894,2577,FALSE,TRUE,0,0
"2578",42446363,40.7659445,-73.9908549,2578,FALSE,TRUE,0,0
"2579",42446386,40.7680856,-73.995962,2579,FALSE,TRUE,0,0
"2580",42446398,40.7188934,-73.9754842,2580,FALSE,TRUE,0,0
"2581",42446424,40.7154997,-73.9772223,2581,FALSE,TRUE,0,0
"2582",42446455,40.7756852,-73.9646737,2582,FALSE,FALSE,0,0
"2583",42446461,40.7743023,-73.9613859,2583,FALSE,FALSE,0,0
"2584",42446466,40.7736555,-73.9598542,2584,FALSE,FALSE,0,0
"2585",42446472,40.7729798,-73.9582574,2585,FALSE,FALSE,0,0
"2586",42446478,40.7710306,-73.9536338,2586,FALSE,FALSE,0,0
"2587",42446488,40.7522048,-73.9818235,2587,FALSE,TRUE,0,0
"2588",42446504,40.758346,-73.9964055,2588,FALSE,TRUE,0,0
"2589",42446506,40.758846,-73.9975781,2589,FALSE,TRUE,0,0
"2590",42446521,40.733922,-73.992792,2590,FALSE,TRUE,0,0
"2591",42446528,40.732756,-73.990027,2591,FALSE,TRUE,0,0
"2592",42446533,40.7319637,-73.9881498,2592,FALSE,TRUE,0,0
"2593",42446547,40.7300191,-73.983536,2593,FALSE,TRUE,0,0
"2594",42446552,40.729086,-73.981325,2594,FALSE,TRUE,0,0
"2595",42446562,40.728106,-73.978998,2595,FALSE,TRUE,0,0
"2596",42446571,40.7271037,-73.9766295,2596,FALSE,TRUE,0,0
"2597",42446584,40.726109,-73.974269,2597,FALSE,TRUE,0,0
"2598",42446604,40.864112,-73.92125,2598,FALSE,FALSE,0,0
"2599",42446609,40.8650616,-73.9185087,2599,FALSE,FALSE,0,0
"2600",42446622,40.7077766,-74.0129583,2600,FALSE,TRUE,0,0
"2601",42446632,40.7082321,-74.0143778,2601,FALSE,TRUE,0,0
"2602",42446640,40.7084404,-74.0152198,2602,FALSE,TRUE,0,0
"2603",42446668,40.7539186,-73.9996344,2603,FALSE,TRUE,0,0
"2604",42446701,40.747774,-73.9850381,2604,FALSE,TRUE,0,0
"2605",42446721,40.7974838,-73.9488026,2605,FALSE,FALSE,0,0
"2606",42446723,40.7988147,-73.9519336,2606,FALSE,FALSE,0,0
"2607",42446728,40.8000749,-73.9549272,2607,FALSE,FALSE,0,0
"2608",42446733,40.8018511,-73.9591421,2608,FALSE,FALSE,0,0
"2609",42446772,40.8013237,-73.9501099,2609,FALSE,FALSE,0,0
"2610",42446775,40.8025813,-73.9530992,2610,FALSE,FALSE,0,0
"2611",42446778,40.80436,-73.9573132,2611,FALSE,FALSE,0,0
"2612",42446797,40.8631688,-73.9198485,2612,FALSE,FALSE,0,0
"2613",42446800,40.7160103,-74.0152427,2613,FALSE,TRUE,0,0
"2614",42446814,40.717113,-74.0145636,2614,FALSE,TRUE,0,0
"2615",42446825,40.7169942,-74.0143011,2615,FALSE,TRUE,0,0
"2616",42446849,40.715103,-74.0159377,2616,FALSE,TRUE,0,0
"2617",42446875,40.7352035,-73.98579,2617,FALSE,TRUE,0,0
"2618",42446879,40.7345982,-73.9843469,2618,FALSE,TRUE,0,0
"2619",42446885,40.7339281,-73.9827492,2619,FALSE,TRUE,0,0
"2620",42446889,40.7332587,-73.9811531,2620,FALSE,TRUE,0,0
"2621",42446902,40.732318,-74.001663,2621,FALSE,TRUE,0,0
"2622",42446919,40.8341688,-73.9392318,2622,FALSE,FALSE,0,0
"2623",42446925,40.7395123,-73.9847532,2623,FALSE,TRUE,0,0
"2624",42446932,40.7420239,-73.9829135,2624,FALSE,TRUE,0,0
"2625",42446933,40.744495,-73.9811045,2625,FALSE,TRUE,0,0
"2626",42446934,40.7451153,-73.9806499,2626,FALSE,TRUE,0,0
"2627",42446935,40.7457353,-73.9801966,2627,FALSE,TRUE,0,0
"2628",42446941,40.7476825,-73.9787824,2628,FALSE,TRUE,0,0
"2629",42446942,40.7482985,-73.9783302,2629,FALSE,TRUE,0,0
"2630",42446945,40.7489216,-73.9778802,2630,FALSE,TRUE,0,0
"2631",42446949,40.7501605,-73.9769755,2631,FALSE,TRUE,0,0
"2632",42446971,40.7521215,-73.9755534,2632,FALSE,TRUE,0,0
"2633",42446977,40.752741,-73.975102,2633,FALSE,TRUE,0,0
"2634",42446986,40.7546125,-73.9737345,2634,FALSE,TRUE,0,0
"2635",42446987,40.7552316,-73.9732717,2635,FALSE,TRUE,0,0
"2636",42446991,40.756498,-73.972362,2636,FALSE,TRUE,0,0
"2637",42446994,40.7577574,-73.9714431,2637,FALSE,TRUE,0,0
"2638",42446998,40.7590024,-73.970533,2638,FALSE,TRUE,0,0
"2639",42447007,40.7616103,-73.9686382,2639,FALSE,TRUE,0,0
"2640",42447009,40.7622304,-73.9681876,2640,FALSE,TRUE,0,0
"2641",42447020,40.7628736,-73.9677191,2641,FALSE,TRUE,0,0
"2642",42447030,40.7641121,-73.9668167,2642,FALSE,TRUE,0,0
"2643",42447060,40.765999,-73.9654427,2643,FALSE,TRUE,0,0
"2644",42447069,40.7666145,-73.9649882,2644,FALSE,TRUE,0,0
"2645",42447076,40.7684894,-73.9636212,2645,FALSE,TRUE,0,0
"2646",42447084,40.7730155,-73.9603206,2646,FALSE,FALSE,0,0
"2647",42447105,40.7749669,-73.9588958,2647,FALSE,FALSE,0,0
"2648",42447115,40.7762807,-73.957939,2648,FALSE,FALSE,0,0
"2649",42447126,40.7775539,-73.9570119,2649,FALSE,FALSE,0,0
"2650",42447132,40.7788196,-73.9560836,2650,FALSE,FALSE,0,0
"2651",42447136,40.7801748,-73.9550942,2651,FALSE,FALSE,0,0
"2652",42447144,40.7826939,-73.953256,2652,FALSE,FALSE,0,0
"2653",42447149,40.7833098,-73.9528082,2653,FALSE,FALSE,0,0
"2654",42447166,40.7858747,-73.9509302,2654,FALSE,FALSE,0,0
"2655",42447169,40.7865479,-73.9504365,2655,FALSE,FALSE,0,0
"2656",42447174,40.7871827,-73.9499793,2656,FALSE,FALSE,0,0
"2657",42447176,40.7884305,-73.9490654,2657,FALSE,FALSE,0,0
"2658",42447179,40.7915775,-73.9467764,2658,FALSE,FALSE,0,0
"2659",42447182,40.7922499,-73.9462871,2659,FALSE,FALSE,0,0
"2660",42447187,40.794183,-73.9448716,2660,FALSE,FALSE,0,0
"2661",42447192,40.7954494,-73.9439488,2661,FALSE,FALSE,0,0
"2662",42447196,40.7960809,-73.9434893,2662,FALSE,FALSE,0,0
"2663",42447199,40.7986336,-73.9416222,2663,FALSE,FALSE,0,0
"2664",42447201,40.7993112,-73.9411335,2664,FALSE,FALSE,0,0
"2665",42447206,40.80182,-73.9392953,2665,FALSE,FALSE,0,0
"2666",42447207,40.8030771,-73.9383782,2666,FALSE,FALSE,0,0
"2667",42447208,40.8056792,-73.9364782,2667,FALSE,FALSE,0,0
"2668",42447209,40.8062963,-73.9360272,2668,FALSE,FALSE,0,0
"2669",42447210,40.8075469,-73.935112,2669,FALSE,FALSE,0,0
"2670",42447228,40.7686524,-73.9698216,2670,FALSE,TRUE,0,0
"2671",42447230,40.7672618,-73.966522,2671,FALSE,TRUE,0,0
"2672",42447235,40.7659377,-73.9633856,2672,FALSE,TRUE,0,0
"2673",42447237,40.7639926,-73.9587694,2673,FALSE,FALSE,0,0
"2674",42447246,40.7200394,-74.0039146,2674,FALSE,TRUE,0,0
"2675",42447249,40.7194841,-74.0043702,2675,FALSE,TRUE,0,0
"2676",42447255,40.7173295,-73.9994477,2676,FALSE,TRUE,0,0
"2677",42447273,40.794787,-73.964303,2677,FALSE,FALSE,0,0
"2678",42447275,40.7954638,-73.9638068,2678,FALSE,FALSE,0,0
"2679",42447278,40.7960913,-73.9633452,2679,FALSE,FALSE,0,0
"2680",42447281,40.7967143,-73.9628898,2680,FALSE,FALSE,0,0
"2681",42447285,40.7973362,-73.9624366,2681,FALSE,FALSE,0,0
"2682",42447295,40.7999592,-73.9605219,2682,FALSE,FALSE,0,0
"2683",42447303,40.8005867,-73.96006,2683,FALSE,FALSE,0,0
"2684",42447317,40.8037326,-73.9577756,2684,FALSE,FALSE,0,0
"2685",42447323,40.8057124,-73.956335,2685,FALSE,FALSE,0,0
"2686",42447326,40.8063364,-73.9558716,2686,FALSE,FALSE,0,0
"2687",42447330,40.8069655,-73.9554122,2687,FALSE,FALSE,0,0
"2688",42447336,40.8088533,-73.9540464,2688,FALSE,FALSE,0,0
"2689",42447346,40.8165367,-73.9349057,2689,FALSE,FALSE,0,0
"2690",42447389,40.8217502,-73.9472408,2690,FALSE,FALSE,0,0
"2691",42447399,40.8221058,-73.9480802,2691,FALSE,FALSE,0,0
"2692",42447404,40.8231195,-73.9504964,2692,FALSE,FALSE,0,0
"2693",42447418,40.841087,-73.937929,2693,FALSE,FALSE,0,0
"2694",42447419,40.8432059,-73.9429517,2694,FALSE,FALSE,0,0
"2695",42447428,40.7162003,-73.9875301,2695,FALSE,TRUE,0,0
"2696",42447435,40.7217853,-73.9846444,2696,FALSE,TRUE,0,0
"2697",42448141,40.8095866,-73.9399455,2697,FALSE,FALSE,0,0
"2698",42448162,40.718278,-74.0070866,2698,FALSE,TRUE,0,0
"2699",42448171,40.7176834,-74.0057919,2699,FALSE,TRUE,0,0
"2700",42448203,40.7795823,-73.9618327,2700,FALSE,FALSE,0,0
"2701",42448216,40.778196,-73.9585432,2701,FALSE,FALSE,0,0
"2702",42448238,40.7768695,-73.9554065,2702,FALSE,FALSE,0,0
"2703",42448254,40.7749252,-73.9507993,2703,FALSE,FALSE,0,0
"2704",42448257,40.7729859,-73.9461964,2704,FALSE,FALSE,0,0
"2705",42448278,40.7950638,-73.9331708,2705,FALSE,FALSE,0,0
"2706",42448283,40.7957326,-73.9326614,2706,FALSE,FALSE,0,0
"2707",42448317,40.7628699,-73.969724,2707,FALSE,TRUE,0,0
"2708",42448326,40.7596231,-73.961955,2708,FALSE,FALSE,0,0
"2709",42448329,40.7586736,-73.9597228,2709,FALSE,FALSE,0,0
"2710",42448338,40.7602895,-73.9716131,2710,FALSE,TRUE,0,0
"2711",42448379,40.75896,-73.9684914,2711,FALSE,TRUE,0,0
"2712",42448390,40.7570205,-73.9638565,2712,FALSE,TRUE,0,0
"2713",42448406,40.7558954,-73.9612132,2713,FALSE,FALSE,0,0
"2714",42448430,40.7116012,-73.9942643,2714,FALSE,TRUE,0,0
"2715",42448440,40.7117591,-73.9924521,2715,FALSE,TRUE,0,0
"2716",42448469,40.7109496,-74.0036162,2716,FALSE,TRUE,0,0
"2717",42448483,40.7108044,-74.0034015,2717,FALSE,TRUE,0,0
"2718",42448506,40.8019538,-73.9535577,2718,FALSE,FALSE,0,0
"2719",42448549,40.7281021,-74.0021007,2719,FALSE,TRUE,0,0
"2720",42448552,40.7258712,-73.9975736,2720,FALSE,TRUE,179,0
"2721",42448558,40.7270026,-73.9998695,2721,FALSE,TRUE,0,0
"2722",42448563,40.7286189,-74.0053219,2722,FALSE,TRUE,0,0
"2723",42448568,40.7289809,-74.0093502,2723,FALSE,TRUE,0,0
"2724",42448570,40.7291048,-74.0105566,2724,FALSE,TRUE,0,0
"2725",42448578,40.706378,-74.0094998,2725,FALSE,TRUE,0,0
"2726",42448583,40.7079949,-74.0080097,2726,FALSE,TRUE,0,0
"2727",42448593,40.7104144,-74.0056176,2727,FALSE,TRUE,0,0
"2728",42448605,40.8135001,-73.9531087,2728,FALSE,FALSE,0,0
"2729",42448607,40.8143012,-73.9530769,2729,FALSE,FALSE,0,0
"2730",42448611,40.8150729,-73.9529724,2730,FALSE,FALSE,0,0
"2731",42448655,40.8253247,-73.9457322,2731,FALSE,FALSE,0,0
"2732",42448661,40.8259476,-73.9452763,2732,FALSE,FALSE,0,0
"2733",42448674,40.8283084,-73.943131,2733,FALSE,FALSE,0,0
"2734",42448693,40.7401693,-73.9863033,2734,FALSE,TRUE,0,0
"2735",42448701,40.7388354,-73.9831516,2735,FALSE,TRUE,0,0
"2736",42448707,40.7368956,-73.9785412,2736,FALSE,TRUE,0,119
"2737",42448714,40.7354563,-73.9751359,2737,FALSE,TRUE,0,0
"2738",42448726,40.7853453,-73.9576355,2738,FALSE,FALSE,0,0
"2739",42448729,40.7839462,-73.9543201,2739,FALSE,FALSE,0,0
"2740",42448735,40.7826302,-73.9511964,2740,FALSE,FALSE,0,0
"2741",42448745,40.7806943,-73.9465727,2741,FALSE,FALSE,0,0
"2742",42448811,40.755903,-73.9748081,2742,FALSE,TRUE,0,0
"2743",42448813,40.7545735,-73.9716835,2743,FALSE,TRUE,0,0
"2744",42448930,40.860657,-73.9273,2744,FALSE,FALSE,0,0
"2745",42448979,40.8083381,-73.9408517,2745,FALSE,FALSE,0,0
"2746",42448996,40.7607173,-74.0020745,2746,FALSE,TRUE,97,0
"2747",42449005,40.7871732,-73.9519286,2747,FALSE,FALSE,0,0
"2748",42449007,40.7858875,-73.9488279,2748,FALSE,FALSE,0,0
"2749",42449010,40.7839383,-73.9442196,2749,FALSE,FALSE,0,0
"2750",42449017,40.7301375,-73.9894803,2750,FALSE,TRUE,0,0
"2751",42449021,40.728194,-73.984875,2751,FALSE,TRUE,0,0
"2752",42449023,40.727261,-73.982657,2752,FALSE,TRUE,0,0
"2753",42449027,40.726281,-73.980333,2753,FALSE,TRUE,0,0
"2754",42449029,40.7252896,-73.9779748,2754,FALSE,TRUE,0,0
"2755",42449038,40.724283,-73.975598,2755,FALSE,TRUE,0,0
"2756",42449045,40.732165,-73.994297,2756,FALSE,TRUE,0,0
"2757",42449067,40.7340457,-73.9950635,2757,FALSE,TRUE,0,0
"2758",42449076,40.7362021,-74.0035332,2758,FALSE,TRUE,0,0
"2759",42449089,40.7355248,-74.0083743,2759,FALSE,TRUE,0,0
"2760",42449098,40.7352967,-74.0099722,2760,FALSE,TRUE,0,0
"2761",42449127,40.8263304,-73.9384423,2761,FALSE,FALSE,0,0
"2762",42449139,40.8272084,-73.9366522,2762,FALSE,FALSE,0,0
"2763",42449163,40.834536,-73.938965,2763,FALSE,FALSE,0,0
"2764",42449166,40.835196,-73.938489,2764,FALSE,FALSE,0,0
"2765",42449187,40.7808503,-73.9609089,2765,FALSE,FALSE,0,0
"2766",42449308,40.7457757,-73.9822189,2766,FALSE,TRUE,0,0
"2767",42449314,40.7444458,-73.9790592,2767,FALSE,TRUE,0,0
"2768",42449333,40.7373314,-73.9926537,2768,FALSE,TRUE,0,0
"2769",42449341,40.74347,-74.007238,2769,FALSE,TRUE,0,0
"2770",42449413,40.7967023,-73.9449726,2770,FALSE,FALSE,0,0
"2771",42449422,40.7954069,-73.9418755,2771,FALSE,FALSE,0,0
"2772",42449427,40.7934601,-73.9372637,2772,FALSE,FALSE,0,0
"2773",42449550,40.766548,-73.9904253,2773,FALSE,TRUE,0,0
"2774",42449570,40.721252,-74.001447,2774,FALSE,TRUE,0,0
"2775",42449576,40.724632,-73.998585,2775,FALSE,TRUE,0,0
"2776",42449580,40.72881,-73.995061,2776,FALSE,TRUE,0,0
"2777",42449582,40.729406,-73.994547,2777,FALSE,TRUE,0,0
"2778",42449589,40.7309542,-73.9932433,2778,FALSE,TRUE,0,0
"2779",42449593,40.867633,-73.916588,2779,FALSE,FALSE,0,0
"2780",42449597,40.7143685,-74.0084008,2780,FALSE,TRUE,0,0
"2781",42449600,40.7149502,-74.0096777,2781,FALSE,TRUE,0,0
"2782",42449613,40.7164234,-74.0129331,2782,FALSE,TRUE,75,0
"2783",42449627,40.8453,-73.938262,2783,FALSE,FALSE,0,0
"2784",42449631,40.847249,-73.936857,2784,FALSE,FALSE,0,0
"2785",42449634,40.84788,-73.9363983,2785,FALSE,FALSE,0,0
"2786",42449637,40.84852,-73.935929,2786,FALSE,FALSE,0,0
"2787",42449639,40.850417,-73.934544,2787,FALSE,FALSE,0,0
"2788",42449641,40.851615,-73.933667,2788,FALSE,FALSE,0,0
"2789",42449644,40.852213,-73.933226,2789,FALSE,FALSE,0,0
"2790",42449653,40.8542096,-73.9317889,2790,FALSE,FALSE,0,0
"2791",42449654,40.8548307,-73.931322,2791,FALSE,FALSE,0,0
"2792",42449656,40.8554227,-73.9308767,2792,FALSE,FALSE,0,0
"2793",42449683,40.7489448,-73.9798635,2793,FALSE,TRUE,0,0
"2794",42449685,40.7476335,-73.9767423,2794,FALSE,TRUE,0,0
"2795",42449689,40.746323,-73.9736535,2795,FALSE,TRUE,0,0
"2796",42449801,40.8439081,-73.9427146,2796,FALSE,FALSE,0,0
"2797",42449804,40.8453393,-73.9423607,2797,FALSE,FALSE,0,0
"2798",42449817,40.730155,-73.996063,2798,FALSE,TRUE,0,0
"2799",42449828,40.801342,-73.945968,2799,FALSE,FALSE,0,0
"2800",42449833,40.7999317,-73.942619,2800,FALSE,FALSE,0,0
"2801",42449840,40.7986248,-73.9395221,2801,FALSE,FALSE,0,0
"2802",42449843,40.7966814,-73.934912,2802,FALSE,FALSE,0,0
"2803",42449874,40.7198786,-73.978792,2803,FALSE,TRUE,0,0
"2804",42449886,40.7313257,-73.9886146,2804,FALSE,TRUE,0,0
"2805",42449890,40.7346191,-73.9862156,2805,FALSE,TRUE,0,0
"2806",42449893,40.7363755,-73.9849362,2806,FALSE,TRUE,0,0
"2807",42449918,40.7413442,-73.9813061,2807,FALSE,TRUE,0,0
"2808",42449926,40.7438234,-73.9795108,2808,FALSE,TRUE,0,0
"2809",42449928,40.745061,-73.9786092,2809,FALSE,TRUE,0,0
"2810",42449932,40.7470157,-73.9771912,2810,FALSE,TRUE,0,0
"2811",42449938,40.7482478,-73.9762946,2811,FALSE,TRUE,0,0
"2812",42449947,40.751455,-73.9739553,2812,FALSE,TRUE,0,0
"2813",42449948,40.7520704,-73.9735109,2813,FALSE,TRUE,0,0
"2814",42449954,40.7539505,-73.9721397,2814,FALSE,TRUE,0,0
"2815",42449956,40.7558296,-73.9707675,2815,FALSE,TRUE,0,0
"2816",42449961,40.7570956,-73.9698449,2816,FALSE,TRUE,0,0
"2817",42449963,40.7583381,-73.9689403,2817,FALSE,TRUE,0,0
"2818",42449971,40.7609399,-73.9670376,2818,FALSE,TRUE,0,0
"2819",42449982,40.7634317,-73.9652142,2819,FALSE,TRUE,0,0
"2820",42449985,40.7653085,-73.9638433,2820,FALSE,TRUE,0,0
"2821",42449991,40.7678128,-73.9620159,2821,FALSE,FALSE,0,0
"2822",42450009,40.7723386,-73.9587132,2822,FALSE,FALSE,0,0
"2823",42450015,40.7742888,-73.9572919,2823,FALSE,FALSE,0,0
"2824",42450025,40.7755929,-73.9563382,2824,FALSE,FALSE,0,0
"2825",42450028,40.7781411,-73.9544774,2825,FALSE,FALSE,0,0
"2826",42450030,40.7794971,-73.9534887,2826,FALSE,FALSE,0,0
"2827",42450035,40.7820144,-73.9516502,2827,FALSE,FALSE,0,0
"2828",42450037,40.783269,-73.9507524,2828,FALSE,FALSE,0,0
"2829",42450044,40.7851967,-73.9493302,2829,FALSE,FALSE,0,0
"2830",42450048,40.7865037,-73.9483878,2830,FALSE,FALSE,0,0
"2831",42450052,40.7877536,-73.9474623,2831,FALSE,FALSE,0,0
"2832",42450055,40.7908925,-73.945171,2832,FALSE,FALSE,0,0
"2833",42450057,40.791572,-73.944675,2833,FALSE,FALSE,0,0
"2834",42450061,40.7934995,-73.9432689,2834,FALSE,FALSE,0,0
"2835",42450066,40.7947603,-73.9423475,2835,FALSE,FALSE,0,0
"2836",42450071,40.7979386,-73.9400272,2836,FALSE,FALSE,0,0
"2837",42450080,40.8011427,-73.9376942,2837,FALSE,FALSE,0,0
"2838",42450083,40.802397,-73.93677,2838,FALSE,FALSE,0,0
"2839",42450089,40.8050065,-73.9348832,2839,FALSE,FALSE,0,0
"2840",42450275,40.853724,-73.928692,2840,FALSE,FALSE,0,0
"2841",42450290,40.8555926,-73.9342626,2841,FALSE,FALSE,0,0
"2842",42450325,40.727601,-74.002513,2842,FALSE,TRUE,0,0
"2843",42450341,40.7697859,-73.9880556,2843,FALSE,TRUE,0,0
"2844",42450352,40.7721482,-73.993661,2844,FALSE,TRUE,0,0
"2845",42450426,40.7610471,-73.9753806,2845,FALSE,TRUE,0,0
"2846",42450434,40.7671828,-73.9899624,2846,FALSE,TRUE,0,0
"2847",42450456,40.794285,-73.951111,2847,FALSE,FALSE,0,0
"2848",42450460,40.7929011,-73.9477434,2848,FALSE,FALSE,0,0
"2849",42450468,40.7896284,-73.9400642,2849,FALSE,FALSE,0,0
"2850",42450634,40.7639358,-73.953183,2850,FALSE,FALSE,0,0
"2851",42450641,40.7703078,-73.9477641,2851,FALSE,FALSE,0,0
"2852",42450814,40.7457826,-73.9704329,2852,FALSE,TRUE,0,0
"2853",42450820,40.7158012,-73.9760506,2853,FALSE,TRUE,0,55
"2854",42451018,40.7342008,-73.9748747,2854,FALSE,TRUE,0,0
"2855",42451332,40.7602322,-73.9576236,2855,FALSE,FALSE,0,0
"2856",42451370,40.7066739,-74.0159381,2856,FALSE,TRUE,0,0
"2857",42451375,40.7050741,-74.0164593,2857,FALSE,TRUE,0,0
"2858",42451465,40.7093658,-73.9935802,2858,TRUE,TRUE,0,0
"2859",42451564,40.8102846,-73.9435449,2859,FALSE,FALSE,0,0
"2860",42451593,40.7164549,-73.9883771,2860,FALSE,TRUE,0,0
"2861",42451604,40.7220363,-73.9854838,2861,FALSE,TRUE,0,0
"2862",42451650,40.7142715,-73.9941371,2862,FALSE,TRUE,0,0
"2863",42451660,40.7179326,-73.9930898,2863,FALSE,TRUE,0,0
"2864",42451665,40.7234794,-73.9902426,2864,FALSE,TRUE,0,0
"2865",42451674,40.7465313,-73.9859434,2865,FALSE,TRUE,0,19
"2866",42451695,40.7526895,-74.0005305,2866,FALSE,TRUE,0,0
"2867",42451712,40.7200751,-73.9749559,2867,FALSE,TRUE,0,0
"2868",42451736,40.861311,-73.921232,2868,FALSE,FALSE,0,0
"2869",42451744,40.7704153,-73.9480635,2869,FALSE,FALSE,0,0
"2870",42451754,40.7717169,-73.9471185,2870,FALSE,FALSE,0,0
"2871",42451766,40.7742524,-73.945268,2871,FALSE,FALSE,0,0
"2872",42451773,40.7756198,-73.9442812,2872,FALSE,FALSE,0,0
"2873",42451787,40.7355933,-73.9794642,2873,FALSE,TRUE,0,0
"2874",42451932,40.8571682,-73.9274354,2874,FALSE,FALSE,0,0
"2875",42451987,40.732841,-74.002124,2875,FALSE,TRUE,0,0
"2876",42452006,40.7318701,-74.0087845,2876,FALSE,TRUE,0,0
"2877",42452008,40.7320068,-74.0102756,2877,FALSE,TRUE,0,0
"2878",42452015,40.7231321,-74.0062154,2878,FALSE,TRUE,0,0
"2879",42452026,40.722384,-74.003768,2879,FALSE,TRUE,0,0
"2880",42452040,40.7216214,-74.0022085,2880,FALSE,TRUE,0,62
"2881",42452048,40.7204467,-73.9998563,2881,FALSE,TRUE,0,0
"2882",42452056,40.7187949,-73.9956889,2882,FALSE,TRUE,0,0
"2883",42452067,40.7181594,-73.9938242,2883,FALSE,TRUE,0,0
"2884",42452076,40.7172086,-73.9907021,2884,FALSE,TRUE,0,0
"2885",42452084,40.7167118,-73.9891494,2885,FALSE,TRUE,0,0
"2886",42452107,40.7148984,-73.9833128,2886,FALSE,TRUE,0,0
"2887",42452117,40.7139728,-73.9799617,2887,FALSE,TRUE,0,0
"2888",42452130,40.8342881,-73.9453866,2888,FALSE,FALSE,0,0
"2889",42452147,40.8467657,-73.9337745,2889,FALSE,FALSE,0,0
"2890",42452276,40.8057185,-73.9680554,2890,FALSE,FALSE,0,0
"2891",42452290,40.8006033,-73.9584921,2891,FALSE,FALSE,0,0
"2892",42452310,40.7090829,-74.0140498,2892,FALSE,TRUE,0,0
"2893",42452314,40.7094762,-74.0148737,2893,FALSE,TRUE,0,0
"2894",42452330,40.803701,-73.93986,2894,FALSE,FALSE,0,0
"2895",42452353,40.7566594,-73.9785571,2895,FALSE,TRUE,0,0
"2896",42452365,40.7628026,-73.9931565,2896,FALSE,TRUE,0,0
"2897",42452396,40.7299438,-73.9973576,2897,FALSE,TRUE,0,0
"2898",42452485,40.861259,-73.925668,2898,FALSE,FALSE,0,0
"2899",42452495,40.8631202,-73.9206135,2899,FALSE,FALSE,0,0
"2900",42452556,40.7100934,-73.9940953,2900,FALSE,TRUE,0,0
"2901",42452564,40.8033044,-73.9486636,2901,FALSE,FALSE,0,0
"2902",42452598,40.7348912,-74.0031527,2902,FALSE,TRUE,0,0
"2903",42452610,40.734094,-74.008491,2903,FALSE,TRUE,0,0
"2904",42452613,40.7338435,-74.0100979,2904,FALSE,TRUE,0,0
"2905",42452620,40.7072195,-74.0027472,2905,FALSE,TRUE,0,0
"2906",42452630,40.7042989,-74.0076468,2906,FALSE,TRUE,0,0
"2907",42452700,40.704799,-74.0069515,2907,FALSE,TRUE,0,0
"2908",42452708,40.7057998,-74.0055192,2908,FALSE,TRUE,0,0
"2909",42452809,40.7859791,-73.957172,2909,FALSE,FALSE,0,0
"2910",42452812,40.7845895,-73.9538777,2910,FALSE,FALSE,0,0
"2911",42452814,40.7813074,-73.946142,2911,FALSE,FALSE,0,0
"2912",42452816,40.7176762,-74.0075505,2912,FALSE,TRUE,0,0
"2913",42452817,40.7170848,-74.0062505,2913,FALSE,TRUE,0,0
"2914",42452875,40.7584106,-73.9729808,2914,FALSE,TRUE,0,0
"2915",42452882,40.7551314,-73.9652321,2915,FALSE,TRUE,0,0
"2916",42452936,40.7153027,-73.976483,2916,FALSE,TRUE,0,0
"2917",42452951,40.7783119,-73.962763,2917,FALSE,FALSE,0,0
"2918",42452954,40.7769299,-73.9594687,2918,FALSE,FALSE,0,0
"2919",42452956,40.7736593,-73.9517225,2919,FALSE,FALSE,0,0
"2920",42452973,40.7497263,-73.9836183,2920,FALSE,TRUE,0,0
"2921",42452975,40.7558737,-73.9982088,2921,FALSE,TRUE,0,0
"2922",42452994,40.7064654,-74.0151189,2922,FALSE,TRUE,0,0
"2923",42453000,40.7501172,-73.9688692,2923,FALSE,TRUE,0,0
"2924",42453005,40.7508017,-73.9784911,2924,FALSE,TRUE,0,0
"2925",42453008,40.7481912,-73.9722915,2925,FALSE,TRUE,0,0
"2926",42453011,40.7475533,-73.9707856,2926,FALSE,TRUE,0,0
"2927",42453038,40.7190677,-74.0069661,2927,FALSE,TRUE,0,0
"2928",42453059,40.71887,-74.0066144,2928,FALSE,TRUE,0,0
"2929",42453087,40.753314,-73.964811,2929,FALSE,TRUE,0,0
"2930",42453104,40.7319645,-73.9902032,2930,FALSE,TRUE,0,0
"2931",42453156,40.7236873,-73.9814332,2931,FALSE,TRUE,0,0
"2932",42453158,40.7228841,-73.9797155,2932,FALSE,TRUE,0,0
"2933",42453160,40.721885,-73.977346,2933,FALSE,TRUE,0,0
"2934",42453166,40.725796,-73.986623,2934,FALSE,TRUE,0,0
"2935",42453175,40.7248589,-73.9843993,2935,FALSE,TRUE,0,0
"2936",42453177,40.723882,-73.982083,2936,FALSE,TRUE,0,0
"2937",42453187,40.7430899,-73.9740139,2937,FALSE,TRUE,0,0
"2938",42453216,40.8006933,-73.9505653,2938,FALSE,FALSE,0,0
"2939",42453220,40.8026735,-73.949123,2939,FALSE,FALSE,0,0
"2940",42453226,40.803934,-73.9482051,2940,FALSE,FALSE,0,0
"2941",42453236,40.8058089,-73.946821,2941,FALSE,FALSE,0,0
"2942",42453241,40.8070675,-73.9459054,2942,FALSE,FALSE,0,0
"2943",42453246,40.8077463,-73.9454127,2943,FALSE,FALSE,0,0
"2944",42453251,40.8096586,-73.9440006,2944,FALSE,FALSE,0,0
"2945",42453253,40.8109081,-73.9430908,2945,FALSE,FALSE,0,0
"2946",42453258,40.8140809,-73.9407812,2946,FALSE,FALSE,0,0
"2947",42453310,40.7388764,-73.9872419,2947,FALSE,TRUE,0,0
"2948",42453349,40.867818,-73.923623,2948,FALSE,FALSE,0,0
"2949",42453354,40.869001,-73.92032,2949,FALSE,FALSE,0,0
"2950",42453365,40.7192576,-73.9772402,2950,FALSE,TRUE,0,0
"2951",42453395,40.7136952,-74.0137098,2951,FALSE,TRUE,0,0
"2952",42453398,40.7144839,-74.0134034,2952,FALSE,TRUE,0,0
"2953",42453417,40.7190475,-74.0123246,2953,FALSE,TRUE,0,0
"2954",42453442,40.7305696,-74.0104145,2954,FALSE,TRUE,0,0
"2955",42453457,40.7331448,-74.0101602,2955,FALSE,TRUE,0,0
"2956",42453468,40.734543,-74.0100371,2956,FALSE,TRUE,0,0
"2957",42453472,40.7369706,-74.0098363,2957,FALSE,TRUE,0,0
"2958",42453545,40.7613201,-74.0016372,2958,FALSE,TRUE,0,0
"2959",42453548,40.7626351,-74.0005105,2959,FALSE,TRUE,0,0
"2960",42453555,40.7643264,-73.9987071,2960,FALSE,TRUE,0,0
"2961",42453575,40.789205,-73.954817,2961,FALSE,FALSE,0,0
"2962",42453577,40.7878011,-73.9514729,2962,FALSE,FALSE,0,0
"2963",42453586,40.8571635,-73.9282354,2963,FALSE,FALSE,0,0
"2964",42453591,40.856851,-73.931475,2964,FALSE,FALSE,0,0
"2965",42453601,40.72394,-73.9879681,2965,FALSE,TRUE,0,0
"2966",42453604,40.7230074,-73.9857481,2966,FALSE,TRUE,0,0
"2967",42453607,40.722019,-73.983444,2967,FALSE,TRUE,0,0
"2968",42453610,40.7210227,-73.9810814,2968,FALSE,TRUE,0,0
"2969",42453613,40.7199869,-73.9787229,2969,FALSE,TRUE,0,0
"2970",42453624,40.742832,-73.9886624,2970,FALSE,TRUE,0,0
"2971",42453630,40.748974,-74.003236,2971,FALSE,TRUE,0,0
"2972",42453638,40.8679563,-73.9269852,2972,FALSE,FALSE,0,0
"2973",42453669,40.868686,-73.923433,2973,FALSE,FALSE,0,0
"2974",42453691,40.7142234,-73.9948388,2974,FALSE,TRUE,0,0
"2975",42453700,40.7144213,-73.9921353,2975,FALSE,TRUE,0,0
"2976",42453709,40.7956106,-73.9404158,2976,FALSE,FALSE,0,0
"2977",42453714,40.7945982,-73.9380555,2977,FALSE,FALSE,0,0
"2978",42453717,40.8151611,-73.9578259,2978,FALSE,FALSE,0,0
"2979",42453757,40.8221764,-73.9521084,2979,FALSE,FALSE,0,0
"2980",42453773,40.7194648,-74.0061502,2980,FALSE,TRUE,0,0
"2981",42453777,40.7188593,-74.0048352,2981,FALSE,TRUE,0,0
"2982",42453792,40.7091509,-74.001064,2982,FALSE,TRUE,0,0
"2983",42453902,40.7051798,-74.0074068,2983,FALSE,TRUE,0,0
"2984",42453934,40.7110143,-74.0107794,2984,FALSE,TRUE,0,0
"2985",42453952,40.712713,-74.009634,2985,FALSE,TRUE,0,0
"2986",42453986,40.7495663,-73.9794069,2986,FALSE,TRUE,0,0
"2987",42453999,40.7478768,-73.9754305,2987,FALSE,TRUE,0,93
"2988",42454006,40.7469395,-73.9732058,2988,FALSE,TRUE,0,0
"2989",42454010,40.7462999,-73.9716752,2989,FALSE,TRUE,0,0
"2990",42454042,40.7653085,-73.9913292,2990,FALSE,TRUE,0,0
"2991",42454089,40.853537,-73.938378,2991,FALSE,FALSE,0,0
"2992",42454102,40.8511085,-73.9306027,2992,FALSE,FALSE,0,0
"2993",42454120,40.7737727,-73.9897545,2993,FALSE,TRUE,0,0
"2994",42454189,40.7822111,-73.9599188,2994,FALSE,FALSE,0,0
"2995",42454192,40.7808233,-73.9566243,2995,FALSE,FALSE,0,0
"2996",42454196,40.7775516,-73.948881,2996,FALSE,FALSE,0,0
"2997",42454240,40.852339,-73.935716,2997,FALSE,FALSE,0,0
"2998",42454300,40.856783,-73.933681,2998,FALSE,FALSE,0,0
"2999",42454325,40.7416402,-74.0069928,2999,FALSE,TRUE,0,0
"3000",42454328,40.7421069,-74.008199,3000,FALSE,TRUE,0,0
"3001",42454368,40.849309,-73.931917,3001,FALSE,FALSE,0,0
"3002",42454378,40.7390984,-73.9913883,3002,FALSE,TRUE,0,0
"3003",42454381,40.745231,-74.00596,3003,FALSE,TRUE,0,0
"3004",42454391,40.7189791,-73.9750822,3004,FALSE,TRUE,0,0
"3005",42454401,40.7133376,-74.0110084,3005,FALSE,TRUE,0,0
"3006",42454423,40.7257735,-74.0008977,3006,FALSE,TRUE,0,0
"3007",42454428,40.7541655,-73.9803921,3007,FALSE,TRUE,0,0
"3008",42454433,40.7603122,-73.994972,3008,FALSE,TRUE,0,0
"3009",42454495,40.7457827,-73.974319,3009,FALSE,TRUE,0,0
"3010",42454522,40.7426835,-73.984473,3010,FALSE,TRUE,0,0
"3011",42454538,40.871479,-73.918564,3011,FALSE,FALSE,0,0
"3012",42454551,40.8681625,-73.9119113,3012,FALSE,FALSE,0,0
"3013",42454553,40.869551,-73.915183,3013,FALSE,FALSE,0,0
"3014",42454611,40.844201,-73.935653,3014,FALSE,FALSE,0,0
"3015",42454622,40.8416705,-73.9375115,3015,FALSE,FALSE,0,0
"3016",42454642,40.7311535,-74.0089252,3016,FALSE,TRUE,0,0
"3017",42454660,40.7580419,-73.960182,3017,FALSE,FALSE,0,0
"3018",42454679,40.7750439,-73.9651421,3018,FALSE,FALSE,0,0
"3019",42454691,40.7736608,-73.9618549,3019,FALSE,FALSE,0,0
"3020",42454701,40.7703906,-73.9541098,3020,FALSE,FALSE,0,0
"3021",42454742,40.738129,-74.003874,3021,FALSE,TRUE,0,0
"3022",42454758,40.7381472,-74.008154,3022,FALSE,TRUE,0,0
"3023",42454795,40.7090594,-74.0088957,3023,FALSE,TRUE,0,0
"3024",42454798,40.7061497,-74.0060206,3024,FALSE,TRUE,0,0
"3025",42454893,40.8635159,-73.9317811,3025,FALSE,FALSE,0,0
"3026",42454994,40.729373,-73.9839987,3026,FALSE,TRUE,0,0
"3027",42454997,40.728446,-73.98179,3027,FALSE,TRUE,0,0
"3028",42455007,40.727468,-73.979469,3028,FALSE,TRUE,0,0
"3029",42455013,40.7264706,-73.9770983,3029,FALSE,TRUE,0,0
"3030",42455026,40.733304,-73.993322,3030,FALSE,TRUE,0,0
"3031",42455051,40.7242664,-73.9848308,3031,FALSE,TRUE,0,0
"3032",42455059,40.8474152,-73.9333038,3032,FALSE,FALSE,0,0
"3033",42455083,40.723278,-73.982524,3033,FALSE,TRUE,0,0
"3034",42455175,40.722281,-73.9801561,3034,FALSE,TRUE,0,0
"3035",42455181,40.7246931,-73.9784069,3035,FALSE,TRUE,0,0
"3036",42455200,40.7278806,-74.0054267,3036,FALSE,TRUE,0,0
"3037",42455234,40.839296,-73.939239,3037,FALSE,FALSE,0,0
"3038",42455238,40.840487,-73.938364,3038,FALSE,FALSE,0,0
"3039",42455245,40.842915,-73.93659,3039,FALSE,FALSE,0,0
"3040",42455252,40.846141,-73.934232,3040,FALSE,FALSE,0,0
"3041",42455259,40.850509,-73.931043,3041,FALSE,FALSE,0,0
"3042",42455335,40.8531,-73.929147,3042,FALSE,FALSE,0,0
"3043",42455337,40.854321,-73.928254,3043,FALSE,FALSE,0,0
"3044",42455357,40.7393804,-74.008051,3044,FALSE,TRUE,0,0
"3045",42455396,40.721277,-73.977788,3045,FALSE,TRUE,0,0
"3046",42455412,40.723689,-73.97603,3046,FALSE,TRUE,0,0
"3047",42455452,40.73334,-73.983176,3047,FALSE,TRUE,0,0
"3048",42455465,40.734012,-73.984773,3048,FALSE,TRUE,0,0
"3049",42455493,40.8626109,-73.9202964,3049,FALSE,FALSE,0,0
"3050",42455509,40.868473,-73.924038,3050,FALSE,FALSE,0,0
"3051",42455643,40.7691175,-73.988561,3051,FALSE,TRUE,0,0
"3052",42455662,40.7680278,-73.9702791,3052,FALSE,TRUE,0,0
"3053",42455666,40.7666428,-73.9669707,3053,FALSE,TRUE,0,0
"3054",42455675,40.7633694,-73.9592368,3054,FALSE,FALSE,0,0
"3055",42455693,40.7705251,-73.9684509,3055,FALSE,TRUE,0,0
"3056",42455694,40.7691362,-73.9651557,3056,FALSE,TRUE,0,0
"3057",42455695,40.7658671,-73.9573999,3057,FALSE,FALSE,0,0
"3058",42455705,40.8655852,-73.9181211,3058,FALSE,FALSE,0,0
"3059",42455735,40.7552565,-73.9986588,3059,FALSE,TRUE,0,0
"3060",42455751,40.7589842,-73.9959405,3060,FALSE,TRUE,0,0
"3061",42455761,40.762185,-73.9936069,3061,FALSE,TRUE,0,0
"3062",42455867,40.725203,-73.987053,3062,FALSE,TRUE,0,0
"3063",42455887,40.7344252,-73.9803078,3063,FALSE,TRUE,0,0
"3064",42455897,40.7381697,-73.9776048,3064,FALSE,TRUE,0,0
"3065",42455915,40.7450699,-73.9725748,3065,FALSE,TRUE,0,0
"3066",42455929,40.7488808,-73.9699735,3066,FALSE,TRUE,0,0
"3067",42455932,40.7520288,-73.9676741,3067,FALSE,TRUE,0,0
"3068",42455934,40.7538651,-73.9661361,3068,FALSE,TRUE,0,0
"3069",42455963,40.7563888,-73.9643154,3069,FALSE,TRUE,0,0
"3070",42456041,40.7589866,-73.9624288,3070,FALSE,FALSE,0,0
"3071",42456049,40.7614886,-73.9605894,3071,FALSE,FALSE,0,0
"3072",42456060,40.7723435,-73.9526796,3072,FALSE,FALSE,0,0
"3073",42456066,40.7761941,-73.9498734,3073,FALSE,FALSE,0,0
"3074",42456076,40.7800714,-73.9470292,3074,FALSE,FALSE,0,0
"3075",42456091,40.7858143,-73.9428466,3075,FALSE,FALSE,0,0
"3076",42456101,40.7889397,-73.9405592,3076,FALSE,FALSE,0,0
"3077",42456107,40.7915669,-73.9386452,3077,FALSE,FALSE,0,0
"3078",42456110,40.7928134,-73.9377232,3078,FALSE,FALSE,0,0
"3079",42456115,40.7960087,-73.9354016,3079,FALSE,FALSE,0,0
"3080",42456162,40.8024413,-73.9407797,3080,FALSE,FALSE,0,0
"3081",42456197,40.725008,-73.999345,3081,FALSE,TRUE,0,0
"3082",42456205,40.72918,-73.995812,3082,FALSE,TRUE,0,0
"3083",42456206,40.729776,-73.995308,3083,FALSE,TRUE,0,0
"3084",42456211,40.7312837,-73.9940304,3084,FALSE,TRUE,0,0
"3085",42456259,40.8426944,-73.9430339,3085,FALSE,FALSE,0,0
"3086",42456303,40.7316,-73.9947861,3086,FALSE,TRUE,0,0
"3087",42456492,40.711231,-74.006478,3087,FALSE,TRUE,0,0
"3088",42456543,40.7377054,-73.9880935,3088,FALSE,TRUE,0,0
"3089",42456555,40.7414386,-73.9853785,3089,FALSE,TRUE,0,0
"3090",42456568,40.7451552,-73.9826672,3090,FALSE,TRUE,0,0
"3091",42456575,40.7847313,-73.9580844,3091,FALSE,FALSE,0,0
"3092",42456578,40.7833391,-73.9547909,3092,FALSE,FALSE,0,0
"3093",42456598,40.762252,-73.9701729,3093,FALSE,TRUE,0,0
"3094",42456611,40.7596534,-73.9720733,3094,FALSE,TRUE,0,0
"3095",42456683,40.7661447,-73.9716518,3095,FALSE,TRUE,0,0
"3096",42456708,40.793608,-73.951602,3096,FALSE,FALSE,0,0
"3097",42456711,40.7962219,-73.9496927,3097,FALSE,FALSE,0,0
"3098",42456831,40.8153391,-73.9357666,3098,FALSE,FALSE,0,0
"3099",42456888,40.7090349,-74.0121098,3099,FALSE,TRUE,0,0
"3100",42456979,40.8321814,-73.9404015,3100,FALSE,FALSE,0,0
"3101",42456986,40.730434,-74.00907,3101,FALSE,TRUE,0,0
"3102",42457209,40.7736204,-73.9874827,3102,FALSE,TRUE,0,0
"3103",42457282,40.867384,-73.926406,3103,FALSE,FALSE,0,0
"3104",42457292,40.7076706,-74.0031101,3104,FALSE,TRUE,0,0
"3105",42457311,40.7096642,-74.004822,3105,FALSE,TRUE,0,0
"3106",42457319,40.725276,-73.9957848,3106,FALSE,TRUE,0,0
"3107",42457325,40.7245091,-73.9934284,3107,FALSE,TRUE,0,0
"3108",42457401,40.7187961,-73.9751131,3108,FALSE,TRUE,0,0
"3109",42457421,40.7355308,-74.0033399,3109,FALSE,TRUE,0,0
"3110",42457426,40.7347802,-74.0084332,3110,FALSE,TRUE,0,0
"3111",42457476,40.7553471,-73.9754421,3111,FALSE,TRUE,0,0
"3112",42457660,40.7865093,-73.9524444,3112,FALSE,FALSE,0,0
"3113",42457728,40.7342533,-74.0029703,3113,FALSE,TRUE,50,0
"3114",42457735,40.733401,-74.008554,3114,FALSE,TRUE,0,0
"3115",42457788,40.7688761,-73.9723598,3115,FALSE,TRUE,0,0
"3116",42457821,40.7138481,-73.9927387,3116,FALSE,TRUE,0,0
"3117",42457925,40.7389315,-73.9731277,3117,FALSE,TRUE,0,0
"3118",42457940,40.7399483,-73.9727291,3118,FALSE,TRUE,96,0
"3119",42458112,40.79607,-73.9454293,3119,FALSE,FALSE,0,0
"3120",42458267,40.72388,-73.996952,3120,FALSE,TRUE,0,0
"3121",42458313,40.722723,-73.994153,3121,FALSE,TRUE,0,0
"3122",42458333,40.7483294,-73.9803101,3122,FALSE,TRUE,0,0
"3123",42458342,40.7992557,-73.9431029,3123,FALSE,FALSE,0,0
"3124",42458435,40.795685,-73.9767319,3124,FALSE,FALSE,0,0
"3125",42458728,40.869877,-73.920897,3125,FALSE,FALSE,0,0
"3126",42458766,40.7794585,-73.9576208,3126,FALSE,FALSE,0,0
"3127",42458936,40.8480246,-73.9404342,3127,FALSE,FALSE,0,0
"3128",42458943,40.7773393,-73.9885023,3128,FALSE,FALSE,0,0
"3129",42458960,40.789055,-73.9505513,3129,FALSE,FALSE,0,0
"3130",42459041,40.7921962,-73.9482635,3130,FALSE,FALSE,0,0
"3131",42459098,40.7571447,-73.9739026,3131,FALSE,TRUE,0,0
"3132",42459114,40.7647574,-73.9683491,3132,FALSE,TRUE,0,0
"3133",42459137,40.7756143,-73.9604288,3133,FALSE,FALSE,0,0
"3134",42459180,40.7948058,-73.9463574,3134,FALSE,FALSE,0,0
"3135",42459436,40.736953,-74.008254,3135,FALSE,TRUE,0,0
"3136",42459493,40.7139451,-74.0123406,3136,FALSE,TRUE,0,0
"3137",42459579,40.7531536,-73.9644223,3137,FALSE,TRUE,0,0
"3138",42459636,40.7496684,-73.9697413,3138,FALSE,TRUE,0,0
"3139",42459820,40.7104183,-74.003965,3139,FALSE,TRUE,0,0
"3140",60915682,40.8728056,-73.9116935,3140,FALSE,FALSE,0,0
"3141",60916829,40.8542367,-73.9403011,3141,TRUE,FALSE,0,0
"3142",60917021,40.8482061,-73.9452413,3142,FALSE,FALSE,0,0
"3143",60918583,40.8464278,-73.9308772,3143,FALSE,FALSE,0,0
"3144",60918586,40.8463704,-73.9313766,3144,FALSE,FALSE,0,0
"3145",60918686,40.8492402,-73.9394703,3145,FALSE,FALSE,0,0
"3146",60918736,40.8489905,-73.9399281,3146,TRUE,FALSE,0,0
"3147",60921162,40.8465172,-73.9325725,3147,FALSE,FALSE,0,0
"3148",60921167,40.8457232,-73.9314952,3148,FALSE,FALSE,0,0
"3149",60924412,40.847633,-73.9296134,3149,FALSE,FALSE,0,0
"3150",60925101,40.8452397,-73.9307305,3150,TRUE,FALSE,0,0
"3151",60925316,40.8467537,-73.93229,3151,FALSE,FALSE,0,0
"3152",60925389,40.8387066,-73.9332518,3152,TRUE,FALSE,0,0
"3153",60925555,40.8387726,-73.9334097,3153,FALSE,FALSE,0,0
"3154",60925716,40.8472177,-73.9332834,3154,TRUE,FALSE,0,0
"3155",60925728,40.8471117,-73.9333616,3155,TRUE,FALSE,0,0
"3156",60925784,40.8471102,-73.9337032,3156,FALSE,FALSE,0,0
"3157",60925795,40.8469999,-73.9337645,3157,FALSE,FALSE,0,0
"3158",60925950,40.8486844,-73.9391903,3158,FALSE,FALSE,0,0
"3159",60925991,40.8490274,-73.9411425,3159,FALSE,FALSE,0,0
"3160",60926009,40.8488321,-73.9401536,3160,FALSE,FALSE,0,0
"3161",60926076,40.8493136,-73.9389473,3161,FALSE,FALSE,0,0
"3162",60926140,40.8494654,-73.9421644,3162,FALSE,FALSE,0,0
"3163",60926616,40.8483256,-73.94206,3163,FALSE,FALSE,0,0
"3164",60926787,40.8505201,-73.9410112,3164,FALSE,FALSE,0,0
"3165",60926791,40.8505185,-73.9420596,3165,FALSE,FALSE,0,0
"3166",60926905,40.8460155,-73.9432945,3166,FALSE,FALSE,0,0
"3167",60927291,40.845756,-73.9434615,3167,FALSE,FALSE,0,0
"3168",60927487,40.8467571,-73.9444103,3168,FALSE,FALSE,0,0
"3169",60927650,40.8448861,-73.9449014,3169,FALSE,FALSE,0,0
"3170",60927817,40.8414892,-73.9443634,3170,FALSE,FALSE,0,0
"3171",60927819,40.8421069,-73.9441108,3171,FALSE,FALSE,0,0
"3172",60927822,40.8432615,-73.9439858,3172,FALSE,FALSE,0,0
"3173",60927823,40.8438685,-73.9439468,3173,FALSE,FALSE,0,0
"3174",60927825,40.8452666,-73.9437567,3174,FALSE,FALSE,0,0
"3175",60927827,40.8462078,-73.9435668,3175,FALSE,FALSE,0,0
"3176",60927832,40.8477205,-73.9435997,3176,FALSE,FALSE,0,0
"3177",60927836,40.8487361,-73.943043,3177,FALSE,FALSE,0,0
"3178",60927837,40.8491159,-73.9430313,3178,FALSE,FALSE,0,0
"3179",60928137,40.8460761,-73.9442131,3179,FALSE,FALSE,0,0
"3180",60928402,40.8412228,-73.9457735,3180,TRUE,FALSE,0,0
"3181",60928432,40.8416021,-73.9454687,3181,FALSE,FALSE,0,0
"3182",60928596,40.8450694,-73.94328,3182,FALSE,FALSE,0,0
"3183",60928599,40.8466352,-73.9430763,3183,FALSE,FALSE,0,0
"3184",60928608,40.849233,-73.9419146,3184,FALSE,FALSE,0,0
"3185",60928695,40.8489725,-73.941347,3185,FALSE,FALSE,0,0
"3186",60928839,40.8483137,-73.9427814,3186,FALSE,FALSE,0,0
"3187",60928941,40.8497622,-73.9422165,3187,FALSE,FALSE,0,0
"3188",60929261,40.8517239,-73.9419676,3188,FALSE,FALSE,0,0
"3189",60929278,40.8523968,-73.9412909,3189,FALSE,FALSE,0,0
"3190",60929894,40.8459823,-73.9431129,3190,FALSE,FALSE,0,0
"3191",61269400,40.7873411,-73.9831727,3191,FALSE,FALSE,0,0
"3192",61269797,40.7816278,-73.9867391,3192,FALSE,FALSE,0,0
"3193",61271722,40.7715208,-73.9942101,3193,FALSE,TRUE,0,0
"3194",61272284,40.780231,-73.9875459,3194,FALSE,FALSE,0,0
"3195",61272887,40.7729345,-73.9936615,3195,FALSE,TRUE,0,0
"3196",61272997,40.7719981,-73.9941842,3196,FALSE,TRUE,0,0
"3197",61273001,40.7708214,-73.9946635,3197,FALSE,TRUE,0,0
"3198",61273004,40.7707111,-73.9944096,3198,FALSE,TRUE,0,0
"3199",61275380,40.7699225,-73.9945303,3199,FALSE,TRUE,0,0
"3200",61275601,40.7673681,-73.9962206,3200,FALSE,TRUE,0,0
"3201",62915509,40.7630589,-73.9995827,3201,FALSE,TRUE,0,0
"3202",62915516,40.765336,-73.9976952,3202,FALSE,TRUE,0,0
"3203",62915525,40.7625427,-74.0002834,3203,FALSE,TRUE,0,0
"3204",62915527,40.7636209,-73.9989628,3204,FALSE,TRUE,0,0
"3205",62915531,40.7648642,-73.9980379,3205,FALSE,TRUE,0,0
"3206",62915536,40.7661147,-73.997127,3206,FALSE,TRUE,0,0
"3207",62915549,40.7619695,-74.0010367,3207,FALSE,TRUE,0,0
"3208",100522479,40.7509089,-73.9785731,3208,FALSE,TRUE,0,0
"3209",100522728,40.7552761,-73.9752669,3209,FALSE,TRUE,0,0
"3210",100522741,40.7546355,-73.9757004,3210,FALSE,TRUE,0,0
"3211",171245253,40.8500714,-73.944232,3211,TRUE,FALSE,0,0
"3212",205019740,40.7070267,-74.0016215,3212,TRUE,TRUE,0,0
"3213",205020852,40.7020119,-74.0095892,3213,FALSE,TRUE,0,0
"3214",205024444,40.7090266,-73.9968491,3214,FALSE,TRUE,0,0
"3215",205025778,40.7087705,-73.9992724,3215,FALSE,TRUE,0,0
"3216",246579597,40.747842,-74.0076712,3216,FALSE,TRUE,0,0
"3217",246579753,40.7480049,-74.0078389,3217,FALSE,TRUE,0,0
"3218",246580466,40.7495321,-74.0065772,3218,FALSE,TRUE,0,0
"3219",246580736,40.7481885,-74.0076356,3219,FALSE,TRUE,0,0
"3220",246580797,40.7502524,-74.0084893,3220,FALSE,TRUE,0,0
"3221",246580982,40.7439595,-74.0083902,3221,FALSE,TRUE,0,0
"3222",246648219,40.7425881,-74.0078942,3222,FALSE,TRUE,0,0
"3223",246649427,40.7385218,-74.0101199,3223,TRUE,TRUE,0,0
"3224",246649429,40.7388125,-74.0099059,3224,FALSE,TRUE,0,0
"3225",246650510,40.7545526,-74.0068523,3225,FALSE,TRUE,0,0
"3226",246858431,40.7098348,-74.0150379,3226,FALSE,TRUE,0,0
"3227",246858433,40.7111162,-74.0146587,3227,FALSE,TRUE,0,109
"3228",246858435,40.715284,-74.0135419,3228,FALSE,TRUE,0,0
"3229",246858445,40.7203469,-74.0122846,3229,FALSE,TRUE,0,0
"3230",246858448,40.7172595,-74.0130258,3230,FALSE,TRUE,0,0
"3231",246858449,40.7165276,-74.0132223,3231,FALSE,TRUE,0,0
"3232",246858654,40.7048276,-74.0169161,3232,FALSE,TRUE,0,0
"3233",246889572,40.7251837,-74.0112905,3233,FALSE,TRUE,0,0
"3234",246890098,40.7223504,-74.0118572,3234,FALSE,TRUE,0,0
"3235",246890279,40.7229994,-74.0117188,3235,FALSE,TRUE,0,0
"3236",246890579,40.7298427,-74.0106787,3236,FALSE,TRUE,0,0
"3237",246901366,40.7049134,-74.0173422,3237,FALSE,TRUE,0,0
"3238",246909446,40.7059792,-74.0147359,3238,FALSE,TRUE,0,0
"3239",246909454,40.7071606,-74.0160093,3239,FALSE,TRUE,0,0
"3240",246911576,40.7070752,-74.0157726,3240,FALSE,TRUE,0,0
"3241",246923513,40.7048802,-74.0164104,3241,FALSE,TRUE,0,0
"3242",247081705,40.7591233,-74.0035272,3242,FALSE,TRUE,0,0
"3243",247081712,40.7583729,-74.0040724,3243,FALSE,TRUE,0,0
"3244",247085867,40.7612999,-74.0019433,3244,FALSE,TRUE,0,0
"3245",247120300,40.7693515,-73.9947781,3245,FALSE,TRUE,86,0
"3246",247120348,40.7700629,-73.9949283,3246,FALSE,TRUE,0,0
"3247",247123611,40.7698607,-73.9943384,3247,FALSE,TRUE,0,0
"3248",247123612,40.7706322,-73.9942252,3248,FALSE,TRUE,0,0
"3249",247123651,40.7727558,-73.9932257,3249,FALSE,TRUE,0,0
"3250",247124101,40.7711376,-73.9948026,3250,FALSE,TRUE,0,0
"3251",247223720,40.7717082,-73.9776645,3251,FALSE,TRUE,0,95
"3252",248708582,40.7487771,-73.9697356,3252,FALSE,TRUE,0,0
"3253",248708583,40.7521178,-73.9672012,3253,FALSE,TRUE,0,0
"3254",254342293,40.8226363,-73.957693,3254,FALSE,FALSE,0,0
"3255",254484327,40.8153803,-73.9641546,3255,TRUE,FALSE,0,0
"3256",272194254,40.7136173,-74.011617,3256,FALSE,TRUE,0,0
"3257",272195270,40.7119884,-74.0081342,3257,FALSE,TRUE,0,0
"3258",272195271,40.7141733,-74.0063041,3258,FALSE,TRUE,0,0
"3259",272196096,40.7079809,-74.0177023,3259,FALSE,TRUE,0,0
"3260",274342021,40.72445,-73.9741568,3260,FALSE,TRUE,0,0
"3261",274342024,40.7245958,-73.9745044,3261,FALSE,TRUE,0,0
"3262",276032821,40.7595453,-73.9605601,3262,FALSE,FALSE,0,0
"3263",277482762,40.8009666,-73.9291874,3263,FALSE,FALSE,0,0
"3264",278608420,40.7082374,-74.0001093,3264,FALSE,TRUE,0,0
"3265",278608718,40.708574,-74.0001685,3265,TRUE,TRUE,0,0
"3266",278608816,40.7084983,-73.999331,3266,FALSE,TRUE,0,0
"3267",278609760,40.7082903,-73.9994418,3267,FALSE,TRUE,0,0
"3268",278609863,40.7095901,-74.0009031,3268,FALSE,TRUE,0,0
"3269",278609934,40.7096039,-74.0015481,3269,FALSE,TRUE,0,0
"3270",278638234,40.7116882,-74.0027433,3270,FALSE,TRUE,0,0
"3271",278642478,40.710898,-74.0035219,3271,FALSE,TRUE,0,0
"3272",279151954,40.7024066,-74.0137834,3272,FALSE,TRUE,0,0
"3273",279152444,40.7070005,-74.0179396,3273,FALSE,TRUE,0,0
"3274",298792355,40.8499374,-73.9440035,3274,FALSE,FALSE,0,0
"3275",302095403,40.8630014,-73.9332782,3275,FALSE,FALSE,0,0
"3276",339044224,40.7331346,-74.0058581,3276,FALSE,TRUE,0,0
"3277",358447541,40.7488385,-74.0009811,3277,FALSE,TRUE,0,0
"3278",358448394,40.7510669,-73.9980331,3278,FALSE,TRUE,0,0
"3279",370705004,40.712497,-74.004813,3279,FALSE,TRUE,0,0
"3280",370880739,40.7016101,-74.0119669,3280,FALSE,TRUE,0,0
"3281",370880758,40.7029962,-74.0078008,3281,FALSE,TRUE,0,0
"3282",370888100,40.7109704,-73.9801685,3282,FALSE,TRUE,0,0
"3283",370888101,40.7108774,-73.9823619,3283,FALSE,TRUE,0,0
"3284",370892861,40.7152339,-73.9761957,3284,FALSE,TRUE,0,0
"3285",370893396,40.7191873,-73.9763322,3285,FALSE,TRUE,0,0
"3286",370893397,40.7190131,-73.9754312,3286,FALSE,TRUE,0,0
"3287",370894980,40.7212958,-73.9745541,3287,TRUE,TRUE,0,0
"3288",370896902,40.7305259,-73.9741817,3288,FALSE,TRUE,0,0
"3289",370897166,40.7279995,-73.9716788,3289,FALSE,TRUE,0,0
"3290",370898427,40.7298812,-73.9723599,3290,TRUE,TRUE,0,0
"3291",370912817,40.740672,-73.9729042,3291,FALSE,TRUE,0,0
"3292",370913758,40.7373672,-73.9743448,3292,FALSE,TRUE,0,0
"3293",370913779,40.7398486,-73.9728993,3293,TRUE,TRUE,0,0
"3294",370914027,40.7441761,-73.9713587,3294,FALSE,TRUE,0,0
"3295",370915061,40.7467601,-73.9690646,3295,TRUE,TRUE,0,0
"3296",370924677,40.7531937,-73.9637348,3296,FALSE,TRUE,0,54
"3297",370924957,40.7534038,-73.9633333,3297,TRUE,TRUE,0,0
"3298",370927297,40.7542717,-73.9631773,3298,FALSE,TRUE,0,0
"3299",371037077,40.7594828,-73.9606065,3299,TRUE,FALSE,0,0
"3300",371037237,40.7606981,-73.9639388,3300,FALSE,TRUE,0,0
"3301",371037281,40.7600241,-73.9629046,3301,FALSE,TRUE,0,0
"3302",371188320,40.7610958,-73.9561062,3302,FALSE,FALSE,0,0
"3303",371188750,40.7590118,-73.9583867,3303,FALSE,FALSE,0,0
"3304",371188756,40.76089,-73.9561742,3304,TRUE,FALSE,0,0
"3305",371197453,40.7672237,-73.9505427,3305,FALSE,FALSE,0,0
"3306",371206271,40.7709708,-73.9473388,3306,FALSE,FALSE,0,0
"3307",371206274,40.7715895,-73.9468096,3307,FALSE,FALSE,0,0
"3308",371207282,40.7809091,-73.9440036,3308,FALSE,FALSE,0,0
"3309",371209940,40.7844055,-73.9418662,3309,TRUE,FALSE,0,0
"3310",371216381,40.7895887,-73.9374595,3310,FALSE,FALSE,0,0
"3311",371218803,40.7961502,-73.9297538,3311,FALSE,FALSE,0,0
"3312",371225088,40.8001589,-73.9298866,3312,FALSE,FALSE,0,0
"3313",371225132,40.800803,-73.9290592,3313,TRUE,FALSE,0,0
"3314",371239958,40.7972731,-73.929158,3314,FALSE,FALSE,0,0
"3315",371239962,40.8018365,-73.9313894,3315,FALSE,FALSE,0,0
"3316",371337140,40.8068247,-73.9342092,3316,FALSE,FALSE,0,0
"3317",371337145,40.8081964,-73.9347058,3317,FALSE,FALSE,0,0
"3318",371337150,40.8095517,-73.9348726,3318,FALSE,FALSE,0,0
"3319",371337175,40.814772,-73.9361049,3319,FALSE,FALSE,0,0
"3320",371337197,40.8171122,-73.9339955,3320,TRUE,FALSE,0,0
"3321",371337226,40.8267401,-73.9355215,3321,FALSE,FALSE,0,0
"3322",371337227,40.8266348,-73.9352723,3322,FALSE,FALSE,0,0
"3323",371337239,40.8280476,-73.9345792,3323,FALSE,FALSE,0,0
"3324",371337241,40.8281872,-73.9349751,3324,FALSE,FALSE,0,0
"3325",371337250,40.8299306,-73.9349155,3325,FALSE,FALSE,0,0
"3326",371337269,40.8383563,-73.9334427,3326,FALSE,FALSE,0,0
"3327",373755525,40.8065748,-73.9333826,3327,TRUE,FALSE,0,0
"3328",373756705,40.8078972,-73.9343735,3328,FALSE,FALSE,0,0
"3329",373760396,40.8135861,-73.9345073,3329,FALSE,FALSE,0,0
"3330",373772209,40.8307824,-73.9361514,3330,FALSE,FALSE,0,0
"3331",373778409,40.8365944,-73.9348199,3331,FALSE,FALSE,0,0
"3332",373780963,40.8453661,-73.9305606,3332,FALSE,FALSE,0,0
"3333",373850887,40.845972,-73.9300035,3333,FALSE,FALSE,0,0
"3334",373850916,40.8102242,-73.9354432,3334,FALSE,FALSE,0,0
"3335",373880031,40.7137911,-74.013941,3335,FALSE,TRUE,0,0
"3336",373903786,40.74559,-74.0082867,3336,FALSE,TRUE,0,0
"3337",374451674,40.8690931,-73.9315115,3337,FALSE,FALSE,0,0
"3338",374463462,40.8706746,-73.9303228,3338,FALSE,FALSE,0,0
"3339",374470740,40.8682475,-73.9311123,3339,TRUE,FALSE,0,0
"3340",374472690,40.8664124,-73.9322336,3340,FALSE,FALSE,0,0
"3341",374475605,40.8663173,-73.9327916,3341,TRUE,FALSE,0,0
"3342",374482644,40.8644251,-73.9332656,3342,FALSE,FALSE,0,0
"3343",374494595,40.863864,-73.931822,3343,FALSE,FALSE,0,0
"3344",387180916,40.7416415,-74.0048213,3344,FALSE,TRUE,0,0
"3345",387184869,40.7362172,-73.9790127,3345,FALSE,TRUE,0,0
"3346",390519635,40.7375427,-73.9840861,3346,FALSE,TRUE,0,0
"3347",402480678,40.7423533,-74.0089026,3347,FALSE,TRUE,0,0
"3348",406006393,40.7593428,-73.9582013,3348,TRUE,FALSE,0,0
"3349",406048768,40.7438669,-73.9716376,3349,FALSE,TRUE,0,0
"3350",427804166,40.7587091,-73.998635,3350,FALSE,TRUE,0,0
"3351",427804196,40.7581469,-73.9978539,3351,FALSE,TRUE,0,0
"3352",427804205,40.7583801,-73.9977827,3352,FALSE,TRUE,0,0
"3353",427804211,40.7583819,-73.9984041,3353,FALSE,TRUE,0,0
"3354",427840965,40.7562704,-73.9949687,3354,FALSE,TRUE,0,0
"3355",427840967,40.7560047,-73.995113,3355,FALSE,TRUE,0,0
"3356",427840984,40.7545575,-73.9978498,3356,FALSE,TRUE,0,0
"3357",427840998,40.7522084,-73.9993843,3357,FALSE,TRUE,0,0
"3358",427841011,40.757564,-73.9967634,3358,FALSE,TRUE,0,0
"3359",427841023,40.7566236,-73.9951455,3359,FALSE,TRUE,0,0
"3360",427841034,40.7559056,-73.9953727,3360,FALSE,TRUE,0,0
"3361",427841050,40.7546452,-73.9979154,3361,FALSE,TRUE,0,0
"3362",427841052,40.7543851,-73.9982439,3362,FALSE,TRUE,0,0
"3363",427841062,40.7522406,-73.9994645,3363,FALSE,TRUE,0,0
"3364",427841071,40.7518406,-73.9996874,3364,FALSE,TRUE,0,0
"3365",427841073,40.7519412,-73.999556,3365,FALSE,TRUE,0,67
"3366",427842069,40.7553657,-73.9960116,3366,FALSE,TRUE,0,0
"3367",427842070,40.7551147,-73.9963969,3367,FALSE,TRUE,0,0
"3368",427842140,40.7553882,-73.9965093,3368,FALSE,TRUE,0,0
"3369",427845226,40.7534417,-73.9985006,3369,FALSE,TRUE,0,0
"3370",427845236,40.753547,-73.9987459,3370,FALSE,TRUE,0,0
"3371",427850819,40.7571357,-73.9970821,3371,FALSE,TRUE,0,0
"3372",427850840,40.7570939,-73.9952445,3372,FALSE,TRUE,0,0
"3373",449581627,40.7424446,-73.9889406,3373,FALSE,TRUE,0,0
"3374",470209120,40.8080688,-73.9639971,3374,FALSE,FALSE,0,0
"3375",470209122,40.810952,-73.9630559,3375,FALSE,FALSE,0,0
"3376",482807376,40.7119696,-73.9899105,3376,FALSE,TRUE,0,0
"3377",486819531,40.7112711,-74.0034826,3377,FALSE,TRUE,0,0
"3378",486819535,40.7117782,-74.0038416,3378,FALSE,TRUE,0,0
"3379",486849242,40.7151695,-73.9771324,3379,FALSE,TRUE,0,0
"3380",486859044,40.7152245,-73.9771211,3380,FALSE,TRUE,0,0
"3381",486864450,40.7150019,-73.9772515,3381,TRUE,TRUE,0,0
"3382",486867405,40.7194205,-73.9913214,3382,FALSE,TRUE,0,0
"3383",486867432,40.7196812,-73.9921765,3383,FALSE,TRUE,0,0
"3384",486867459,40.7187279,-73.9890504,3384,FALSE,TRUE,0,0
"3385",486867490,40.7189587,-73.9898073,3385,FALSE,TRUE,0,0
"3386",486867513,40.7184807,-73.9882397,3386,FALSE,TRUE,0,0
"3387",486867534,40.7182326,-73.9874536,3387,FALSE,TRUE,0,0
"3388",486867548,40.7179216,-73.9866372,3388,FALSE,TRUE,0,0
"3389",486868138,40.7181209,-73.9865384,3389,FALSE,TRUE,0,0
"3390",486868830,40.7192474,-73.9902109,3390,FALSE,TRUE,0,0
"3391",486868873,40.7193234,-73.9904681,3391,FALSE,TRUE,0,0
"3392",486869282,40.720057,-73.99288,3392,FALSE,TRUE,0,0
"3393",486876216,40.7150516,-73.9771768,3393,TRUE,TRUE,0,0
"3394",496707000,40.7130522,-73.9940749,3394,FALSE,TRUE,0,0
"3395",496707003,40.7123696,-73.9937507,3395,FALSE,TRUE,0,0
"3396",529799006,40.8457405,-73.9298217,3396,TRUE,FALSE,0,0
"3397",541467364,40.7155223,-73.9964428,3397,FALSE,TRUE,0,0
"3398",561035330,40.8035201,-73.9670442,3398,FALSE,FALSE,0,0
"3399",561035333,40.8054119,-73.9656735,3399,FALSE,FALSE,0,0
"3400",561035334,40.8060401,-73.9652167,3400,FALSE,FALSE,0,0
"3401",561035335,40.8066746,-73.9647589,3401,FALSE,FALSE,0,0
"3402",561035338,40.8111729,-73.9614867,3402,FALSE,FALSE,0,0
"3403",561035342,40.8137391,-73.9595775,3403,FALSE,FALSE,0,0
"3404",561035343,40.8156143,-73.9582064,3404,FALSE,FALSE,0,0
"3405",561035344,40.8162833,-73.9577315,3405,FALSE,FALSE,0,0
"3406",561035346,40.8181613,-73.9563618,3406,FALSE,FALSE,0,0
"3407",561035349,40.8200718,-73.9549695,3407,FALSE,FALSE,0,0
"3408",561035350,40.8207479,-73.954523,3408,FALSE,FALSE,0,0
"3409",561035351,40.8208172,-73.9546928,3409,FALSE,FALSE,0,0
"3410",561035353,40.8213579,-73.9540665,3410,FALSE,FALSE,0,0
"3411",561035354,40.8219884,-73.9535995,3411,FALSE,FALSE,0,0
"3412",561035355,40.8226066,-73.9531296,3412,FALSE,FALSE,0,0
"3413",561035356,40.8232275,-73.952678,3413,FALSE,FALSE,0,0
"3414",561035357,40.8238532,-73.9522227,3414,FALSE,FALSE,0,0
"3415",561035358,40.824486,-73.9517593,3415,FALSE,FALSE,0,0
"3416",561035359,40.8251039,-73.9513097,3416,FALSE,FALSE,0,0
"3417",561035360,40.8257202,-73.9508622,3417,FALSE,FALSE,0,0
"3418",561035361,40.8264034,-73.9503603,3418,FALSE,FALSE,0,0
"3419",561035362,40.8270669,-73.9498666,3419,FALSE,FALSE,0,0
"3420",561035363,40.8276954,-73.9494163,3420,FALSE,FALSE,0,0
"3421",561035364,40.8283196,-73.9489611,3421,FALSE,FALSE,0,0
"3422",561035365,40.8289466,-73.9485061,3422,FALSE,FALSE,0,0
"3423",561035366,40.8295673,-73.9480557,3423,FALSE,FALSE,0,0
"3424",561035367,40.8301829,-73.9476033,3424,FALSE,FALSE,0,0
"3425",561035368,40.8308032,-73.9471314,3425,FALSE,FALSE,0,0
"3426",561035369,40.8314368,-73.946674,3426,FALSE,FALSE,0,0
"3427",561035370,40.8327323,-73.9457489,3427,FALSE,FALSE,0,0
"3428",561035371,40.8334023,-73.9452465,3428,FALSE,FALSE,0,0
"3429",561035372,40.834024,-73.9447835,3429,FALSE,FALSE,0,0
"3430",561035373,40.8346491,-73.9443429,3430,FALSE,FALSE,0,0
"3431",561035374,40.8352891,-73.9439155,3431,FALSE,FALSE,0,0
"3432",561035375,40.8359164,-73.9434608,3432,FALSE,FALSE,0,0
"3433",561035376,40.8365346,-73.9430023,3433,FALSE,FALSE,0,0
"3434",561035377,40.8371502,-73.9425038,3434,FALSE,FALSE,0,0
"3435",561035378,40.837765,-73.9420429,3435,FALSE,FALSE,0,0
"3436",561035379,40.8384061,-73.9416375,3436,FALSE,FALSE,0,0
"3437",561035380,40.8391601,-73.9410885,3437,FALSE,FALSE,0,0
"3438",561035381,40.8398471,-73.9405865,3438,FALSE,FALSE,0,0
"3439",561035382,40.8410453,-73.939684,3439,FALSE,FALSE,0,0
"3440",561042188,40.7464559,-73.9819128,3440,FALSE,TRUE,0,0
"3441",561042190,40.747127,-73.9814462,3441,FALSE,TRUE,0,0
"3442",561042191,40.7477911,-73.9809472,3442,FALSE,TRUE,0,0
"3443",561042192,40.7490228,-73.9800466,3443,FALSE,TRUE,0,0
"3444",561042193,40.7484072,-73.9804936,3444,FALSE,TRUE,0,0
"3445",561042194,40.7496466,-73.9795963,3445,FALSE,TRUE,0,0
"3446",561042195,40.750263,-73.9791468,3446,FALSE,TRUE,0,0
"3447",561042197,40.750545,-73.9786965,3447,FALSE,TRUE,0,0
"3448",561042198,40.7508917,-73.9787155,3448,FALSE,TRUE,0,0
"3449",561042199,40.7508351,-73.9785736,3449,FALSE,TRUE,0,0
"3450",561042200,40.7515122,-73.9782873,3450,FALSE,TRUE,0,0
"3451",587812578,40.7961053,-73.9752362,3451,FALSE,FALSE,0,0
"3452",587812665,40.7973911,-73.9755288,3452,TRUE,FALSE,0,0
"3453",587861515,40.8203571,-73.9577977,3453,FALSE,FALSE,0,0
"3454",587933855,40.8406863,-73.944755,3454,FALSE,FALSE,0,0
"3455",587933945,40.8373178,-73.9468195,3455,FALSE,FALSE,0,0
"3456",587934073,40.8377581,-73.9471227,3456,FALSE,FALSE,0,0
"3457",587934079,40.8379956,-73.9472602,3457,FALSE,FALSE,0,0
"3458",587934139,40.8332352,-73.9469172,3458,FALSE,FALSE,0,0
"3459",587934172,40.8364991,-73.948846,3459,FALSE,FALSE,0,0
"3460",587934263,40.8347197,-73.9474676,3460,FALSE,FALSE,0,0
"3461",587934268,40.8349476,-73.9469169,3461,FALSE,FALSE,0,0
"3462",587934311,40.8314619,-73.9512706,3462,FALSE,FALSE,0,0
"3463",587934347,40.8325805,-73.9502612,3463,FALSE,FALSE,0,0
"3464",587934436,40.8306765,-73.9510824,3464,TRUE,FALSE,0,0
"3465",587987721,40.7051367,-74.0168143,3465,FALSE,TRUE,0,0
"3466",587988061,40.7098325,-74.000623,3466,FALSE,TRUE,0,0
"3467",588455697,40.7106401,-73.9852574,3467,FALSE,TRUE,0,0
"3468",588455698,40.7104831,-73.9846564,3468,FALSE,TRUE,0,0
"3469",588455700,40.7137882,-73.9852253,3469,FALSE,TRUE,0,0
"3470",588455701,40.7133514,-73.9851036,3470,FALSE,TRUE,0,0
"3471",588455736,40.7155833,-73.9957449,3471,FALSE,TRUE,0,0
"3472",588455738,40.7092334,-74.0002125,3472,FALSE,TRUE,0,0
"3473",588455742,40.7136728,-73.997981,3473,FALSE,TRUE,0,0
"3474",588455743,40.713449,-73.9984987,3474,FALSE,TRUE,0,0
"3475",588455857,40.7092439,-73.995933,3475,FALSE,TRUE,87,0
"3476",588455858,40.7098052,-73.9960218,3476,FALSE,TRUE,0,0
"3477",588545728,40.7114635,-74.0079458,3477,FALSE,TRUE,0,0
"3478",588546798,40.7048274,-74.014947,3478,FALSE,TRUE,0,0
"3479",588546882,40.7049418,-74.0156386,3479,FALSE,TRUE,0,0
"3480",588546891,40.7045416,-74.0142564,3480,FALSE,TRUE,0,0
"3481",588593059,40.7073089,-74.0156861,3481,FALSE,TRUE,0,0
"3482",588593353,40.7064673,-74.0162777,3482,FALSE,TRUE,0,0
"3483",588593611,40.7077457,-74.0157786,3483,FALSE,TRUE,0,0
"3484",588785633,40.7143535,-73.9947285,3484,TRUE,TRUE,0,0
"3485",588938282,40.7143922,-73.9946026,3485,FALSE,TRUE,0,0
"3486",589099734,40.7443472,-73.9713203,3486,FALSE,TRUE,0,0
"3487",589099881,40.7445132,-73.9712406,3487,FALSE,TRUE,0,0
"3488",589100164,40.7371759,-73.9741861,3488,FALSE,TRUE,0,0
"3489",589100228,40.7359099,-73.975161,3489,FALSE,TRUE,0,0
"3490",589100267,40.7359893,-73.974805,3490,FALSE,TRUE,0,0
"3491",589100791,40.7280322,-73.9719572,3491,FALSE,TRUE,0,0
"3492",589101921,40.7133306,-73.9774417,3492,FALSE,TRUE,0,0
"3493",589298105,40.7732229,-73.9447783,3493,FALSE,FALSE,0,0
"3494",589298326,40.7678229,-73.9499856,3494,FALSE,FALSE,0,0
"3495",589927878,40.8283014,-73.9351958,3495,FALSE,FALSE,0,0
"3496",589927879,40.8291749,-73.9372867,3496,FALSE,FALSE,0,0
"3497",589927903,40.8322164,-73.9351854,3497,TRUE,FALSE,0,0
"3498",589927921,40.8276504,-73.9351469,3498,FALSE,FALSE,0,0
"3499",589927943,40.8275738,-73.9353176,3499,FALSE,FALSE,0,0
"3500",589927965,40.814049,-73.9348455,3500,FALSE,FALSE,0,0
"3501",589927991,40.8095503,-73.9359324,3501,FALSE,FALSE,0,0
"3502",589927993,40.8169324,-73.9343477,3502,FALSE,FALSE,0,0
"3503",589927996,40.8166513,-73.9348194,3503,FALSE,FALSE,0,0
"3504",589928003,40.8149338,-73.9368471,3504,FALSE,FALSE,0,0
"3505",589928020,40.8094377,-73.935677,3505,FALSE,FALSE,0,0
"3506",589928028,40.8056693,-73.9384003,3506,FALSE,FALSE,0,0
"3507",589928029,40.8063016,-73.9379637,3507,FALSE,FALSE,0,0
"3508",589928030,40.8069166,-73.9375205,3508,FALSE,FALSE,0,0
"3509",589928033,40.8075512,-73.9370575,3509,FALSE,FALSE,0,0
"3510",589928034,40.8081768,-73.9366047,3510,FALSE,FALSE,0,0
"3511",589928035,40.8088106,-73.9361311,3511,FALSE,FALSE,0,0
"3512",589928037,40.8089052,-73.9363966,3512,FALSE,FALSE,0,0
"3513",589928038,40.8082806,-73.9368507,3513,FALSE,FALSE,0,0
"3514",589928039,40.8076564,-73.9373154,3514,FALSE,FALSE,0,0
"3515",589928040,40.8070213,-73.9377715,3515,FALSE,FALSE,0,0
"3516",589928041,40.8064089,-73.9382179,3516,FALSE,FALSE,0,0
"3517",589928042,40.8057906,-73.9386884,3517,FALSE,FALSE,0,0
"3518",589928047,40.8115152,-73.9349267,3518,FALSE,FALSE,0,0
"3519",589929417,40.7805427,-73.9442562,3519,FALSE,FALSE,0,0
"3520",591454081,40.7312873,-74.0103452,3520,FALSE,TRUE,0,0
"3521",592484776,40.7249131,-74.0046459,3521,FALSE,TRUE,0,0
"3522",592509222,40.7203948,-73.980052,3522,FALSE,TRUE,0,0
"3523",593300940,40.7614602,-73.9624677,3523,FALSE,FALSE,0,0
"3524",593816275,40.7393577,-74.0096804,3524,FALSE,TRUE,0,0
"3525",593839894,40.7589139,-73.9996835,3525,FALSE,TRUE,0,0
"3526",593854257,40.765425,-73.9979052,3526,FALSE,TRUE,0,0
"3527",593886226,40.7483194,-73.9707085,3527,FALSE,TRUE,0,0
"3528",593886253,40.7479303,-73.9713072,3528,FALSE,TRUE,0,0
"3529",593920879,40.7595088,-73.9972272,3529,FALSE,TRUE,0,0
"3530",593926788,40.7583857,-73.9981212,3530,FALSE,TRUE,0,0
"3531",593984752,40.7568438,-73.996209,3531,FALSE,TRUE,0,0
"3532",593988920,40.7572045,-73.995157,3532,FALSE,TRUE,0,0
"3533",595105472,40.7494064,-73.9693844,3533,FALSE,TRUE,0,0
"3534",595105496,40.7527726,-73.967115,3534,FALSE,TRUE,0,0
"3535",595105499,40.7532346,-73.9665625,3535,FALSE,TRUE,0,0
"3536",595105531,40.7477805,-73.9706144,3536,FALSE,TRUE,0,0
"3537",595105538,40.7481531,-73.9701563,3537,FALSE,TRUE,0,0
"3538",595105581,40.7518449,-73.9674542,3538,FALSE,TRUE,0,0
"3539",595245836,40.7788958,-73.9883218,3539,FALSE,FALSE,0,0
"3540",595245843,40.7807084,-73.9869955,3540,FALSE,FALSE,0,0
"3541",595245859,40.7761721,-73.9896131,3541,FALSE,FALSE,0,0
"3542",595245883,40.779898,-73.9867885,3542,FALSE,FALSE,0,0
"3543",595245889,40.7799778,-73.9869614,3543,FALSE,FALSE,0,0
"3544",595245918,40.7751752,-73.9891964,3544,FALSE,FALSE,0,0
"3545",595245920,40.774556,-73.9896514,3545,FALSE,TRUE,0,22
"3546",595245925,40.7755748,-73.9901444,3546,FALSE,FALSE,0,0
"3547",595254571,40.7744841,-73.9914364,3547,FALSE,TRUE,0,0
"3548",595314028,40.8180852,-73.9605452,3548,FALSE,FALSE,0,0
"3549",595314036,40.8089155,-73.9645365,3549,FALSE,FALSE,0,0
"3550",595314040,40.8086624,-73.965409,3550,FALSE,FALSE,0,0
"3551",595314103,40.8029732,-73.9676801,3551,FALSE,FALSE,0,0
"3552",595314104,40.802891,-73.9674843,3552,FALSE,FALSE,0,0
"3553",595314114,40.7959373,-73.9751706,3553,FALSE,FALSE,0,0
"3554",595314119,40.7961065,-73.974879,3554,FALSE,FALSE,0,0
"3555",595314120,40.7965226,-73.9741146,3555,FALSE,FALSE,0,0
"3556",595314125,40.7927869,-73.977046,3556,FALSE,FALSE,0,0
"3557",595320307,40.8206258,-73.958421,3557,FALSE,FALSE,0,0
"3558",595352889,40.8408932,-73.9444186,3558,FALSE,FALSE,0,0
"3559",595352897,40.8382107,-73.9469759,3559,FALSE,FALSE,0,0
"3560",595352904,40.8336979,-73.9453257,3560,FALSE,FALSE,0,0
"3561",595352906,40.8340866,-73.9483688,3561,FALSE,FALSE,0,0
"3562",595352907,40.8342798,-73.9493166,3562,FALSE,FALSE,0,0
"3563",595352915,40.83799,-73.9480157,3563,FALSE,FALSE,0,0
"3564",595407648,40.7310019,-73.9904097,3564,FALSE,TRUE,0,0
"3565",595436395,40.8345026,-73.9495624,3565,FALSE,FALSE,0,0
"3566",595441949,40.8467543,-73.9432631,3566,FALSE,FALSE,0,0
"3567",595441960,40.8459976,-73.943609,3567,FALSE,FALSE,0,0
"3568",595448603,40.8510621,-73.9414212,3568,FALSE,FALSE,0,0
"3569",595462050,40.8500952,-73.9442378,3569,TRUE,FALSE,0,0
"3570",595462053,40.8499148,-73.9440021,3570,FALSE,FALSE,0,0
"3571",595480989,40.8495294,-73.9399245,3571,FALSE,FALSE,0,0
"3572",595481001,40.8465003,-73.9320559,3572,FALSE,FALSE,0,0
"3573",595484175,40.8463381,-73.9316676,3573,FALSE,FALSE,0,0
"3574",595703226,40.7970992,-73.949736,3574,FALSE,FALSE,0,0
"3575",595729838,40.8655549,-73.9280646,3575,FALSE,FALSE,0,0
"3576",595729841,40.8652598,-73.9277837,3576,FALSE,FALSE,0,0
"3577",595729852,40.8554719,-73.9380214,3577,FALSE,FALSE,0,0
"3578",595729853,40.8620097,-73.9344979,3578,FALSE,FALSE,0,0
"3579",596775808,40.7936506,-73.9475371,3579,FALSE,FALSE,0,0
"3580",596775819,40.7923046,-73.9485228,3580,FALSE,FALSE,0,0
"3581",596775825,40.7910474,-73.9494429,3581,FALSE,FALSE,0,0
"3582",596775840,40.7547329,-73.9759254,3582,FALSE,TRUE,0,0
"3583",596775867,40.7565994,-73.9745281,3583,FALSE,TRUE,0,0
"3584",596775870,40.7572198,-73.9740765,3584,FALSE,TRUE,0,0
"3585",596775876,40.7578528,-73.9736145,3585,FALSE,TRUE,0,0
"3586",596775882,40.7559783,-73.9749834,3586,FALSE,TRUE,0,0
"3587",596775900,40.7590978,-73.9727039,3587,FALSE,TRUE,0,0
"3588",596775907,40.7603618,-73.971784,3588,FALSE,TRUE,0,0
"3589",596775914,40.7584847,-73.9731554,3589,FALSE,TRUE,0,0
"3590",596775919,40.7597298,-73.9722474,3590,FALSE,TRUE,0,0
"3591",596775930,40.7642073,-73.9689874,3591,FALSE,TRUE,0,0
"3592",596775935,40.761652,-73.9708483,3592,FALSE,TRUE,0,0
"3593",596775941,40.7623289,-73.9703537,3593,FALSE,TRUE,0,0
"3594",596775946,40.7629476,-73.969903,3594,FALSE,TRUE,0,0
"3595",596775951,40.7609819,-73.9713318,3595,FALSE,TRUE,0,0
"3596",596775963,40.7660871,-73.9676144,3596,FALSE,TRUE,0,0
"3597",596775973,40.7679632,-73.9662435,3597,FALSE,TRUE,0,0
"3598",596775979,40.767337,-73.9667022,3598,FALSE,TRUE,0,0
"3599",596775985,40.7648338,-73.9685319,3599,FALSE,TRUE,0,0
"3600",596775998,40.7654593,-73.9680718,3600,FALSE,TRUE,0,0
"3601",596776009,40.7698355,-73.9648768,3601,FALSE,TRUE,0,0
"3602",596776017,40.7685866,-73.9657883,3602,FALSE,TRUE,0,0
"3603",596776021,40.7704726,-73.9644127,3603,FALSE,TRUE,0,127
"3604",596776027,40.769211,-73.9653333,3604,FALSE,TRUE,0,0
"3605",596776032,40.7667205,-73.9671492,3605,FALSE,TRUE,0,0
"3606",596776041,40.773735,-73.9620329,3606,FALSE,FALSE,0,0
"3607",596776046,40.7730994,-73.9624991,3607,FALSE,FALSE,0,0
"3608",596776052,40.7743785,-73.9615646,3608,FALSE,FALSE,0,0
"3609",596776057,40.7711488,-73.9639199,3609,FALSE,TRUE,0,0
"3610",596776063,40.7718322,-73.9634212,3610,FALSE,TRUE,0,0
"3611",596776074,40.7782722,-73.9587235,3611,FALSE,FALSE,0,0
"3612",596776078,40.7749989,-73.961107,3612,FALSE,FALSE,0,0
"3613",596776083,40.776368,-73.9601147,3613,FALSE,FALSE,0,0
"3614",596776089,40.7756889,-73.9606062,3614,FALSE,FALSE,0,0
"3615",596776095,40.7770056,-73.9596488,3615,FALSE,FALSE,0,0
"3616",596776103,40.7815278,-73.9563489,3616,FALSE,FALSE,0,0
"3617",596776115,40.7809009,-73.9568062,3617,FALSE,FALSE,0,0
"3618",596776120,40.7789066,-73.9582602,3618,FALSE,FALSE,0,0
"3619",596776127,40.7776373,-73.9591886,3619,FALSE,FALSE,0,0
"3620",596776132,40.7795347,-73.9578009,3620,FALSE,FALSE,0,0
"3621",596776144,40.7846661,-73.9540596,3621,FALSE,FALSE,0,0
"3622",596776150,40.7821565,-73.9558911,3622,FALSE,FALSE,0,0
"3623",596776156,40.7827784,-73.9554342,3623,FALSE,FALSE,0,0
"3624",596776163,40.7834162,-73.9549702,3624,FALSE,FALSE,0,0
"3625",596776164,40.7802244,-73.9572984,3625,FALSE,FALSE,0,0
"3626",596776165,40.7872803,-73.9521844,3626,FALSE,FALSE,0,0
"3627",596776166,40.7879084,-73.9517278,3627,FALSE,FALSE,0,0
"3628",596776167,40.7859221,-73.953141,3628,FALSE,FALSE,0,0
"3629",596776173,40.7852889,-73.9536033,3629,FALSE,FALSE,0,0
"3630",596776177,40.7840307,-73.9545206,3630,FALSE,FALSE,0,0
"3631",596776201,40.7930118,-73.948012,3631,FALSE,FALSE,0,0
"3632",596776224,40.7904213,-73.9499026,3632,FALSE,FALSE,0,0
"3633",596776231,40.7885529,-73.9512551,3633,FALSE,FALSE,0,0
"3634",596776260,40.7866031,-73.9526692,3634,FALSE,FALSE,0,0
"3635",596776314,40.7961828,-73.9456927,3635,FALSE,FALSE,0,0
"3636",596776325,40.7955395,-73.9461625,3636,FALSE,FALSE,0,0
"3637",596776349,40.7942889,-73.947075,3637,FALSE,FALSE,0,0
"3638",596776386,40.7949177,-73.9466169,3638,FALSE,FALSE,0,0
"3639",596776413,40.7916755,-73.9489842,3639,FALSE,FALSE,0,0
"3640",596776442,40.8006686,-73.9424116,3640,FALSE,FALSE,0,0
"3641",596776474,40.8000383,-73.9428721,3641,FALSE,FALSE,0,0
"3642",596776497,40.7993612,-73.9433693,3642,FALSE,FALSE,0,0
"3643",596776534,40.798671,-73.9438788,3643,FALSE,FALSE,0,0
"3644",596776546,40.7968119,-73.9452335,3644,FALSE,FALSE,0,0
"3645",596776578,40.8031784,-73.9405724,3645,FALSE,FALSE,0,0
"3646",596776594,40.8019158,-73.9415029,3646,FALSE,FALSE,0,0
"3647",596776613,40.8025533,-73.9410458,3647,FALSE,FALSE,0,0
"3648",596776624,40.8012931,-73.9419552,3648,FALSE,FALSE,0,0
"3649",596776654,40.8051222,-73.9391836,3649,FALSE,FALSE,0,0
"3650",596776656,40.8044438,-73.9396716,3650,FALSE,FALSE,0,0
"3651",596776659,40.803808,-73.9401148,3651,FALSE,FALSE,0,0
"3652",596788016,40.7724621,-73.9629588,3652,FALSE,TRUE,0,0
"3653",596799866,40.7660684,-73.9518597,3653,FALSE,FALSE,0,0
"3654",596799891,40.7667452,-73.9514025,3654,FALSE,FALSE,0,0
"3655",596800103,40.7913085,-73.9361233,3655,FALSE,FALSE,0,0
"3656",607911351,40.7015518,-74.0139809,3656,FALSE,TRUE,0,0
"3657",627905367,40.8073049,-73.9642951,3657,FALSE,FALSE,0,0
"3658",673008453,40.7084065,-74.0047821,3658,FALSE,TRUE,0,0
"3659",685164634,40.7339707,-73.977781,3659,FALSE,TRUE,0,0
"3660",685164636,40.7329852,-73.9754476,3660,FALSE,TRUE,0,0
"3661",748726602,40.8348317,-73.9396723,3661,FALSE,FALSE,0,0
"3662",761293063,40.834803,-73.9476795,3662,FALSE,FALSE,0,0
"3663",761293064,40.8344109,-73.947965,3663,FALSE,FALSE,0,0
"3664",761293078,40.8344377,-73.9490635,3664,FALSE,FALSE,0,0
"3665",761293090,40.834324,-73.9477493,3665,FALSE,FALSE,0,0
"3666",761329683,40.8344225,-73.9476826,3666,FALSE,FALSE,0,0
"3667",764744759,40.8184772,-73.9612924,3667,FALSE,FALSE,0,0
"3668",765367023,40.8408049,-73.9354698,3668,FALSE,FALSE,0,0
"3669",889298452,40.7118516,-74.0156855,3669,FALSE,TRUE,0,0
"3670",983501181,40.7117173,-74.0041198,3670,FALSE,TRUE,0,0
"3671",1061531429,40.7688965,-73.9819959,3671,FALSE,TRUE,0,0
"3672",1061531447,40.7713507,-73.9820496,3672,FALSE,TRUE,0,0
"3673",1061531448,40.7779462,-73.9821763,3673,FALSE,FALSE,0,0
"3674",1061531454,40.7838169,-73.9799026,3674,FALSE,FALSE,0,0
"3675",1061531491,40.7781876,-73.9818922,3675,FALSE,FALSE,0,0
"3676",1061531496,40.7997386,-73.9681062,3676,FALSE,FALSE,0,0
"3677",1061531500,40.7802483,-73.9814211,3677,FALSE,FALSE,0,0
"3678",1061531504,40.795301,-73.971208,3678,FALSE,FALSE,0,0
"3679",1061531509,40.7705246,-73.9820391,3679,FALSE,TRUE,0,0
"3680",1061531525,40.7844943,-73.9794053,3680,FALSE,FALSE,0,0
"3681",1061531527,40.7746399,-73.9821073,3681,FALSE,TRUE,0,0
"3682",1061531550,40.7863831,-73.9779778,3682,FALSE,FALSE,0,0
"3683",1061531566,40.7817194,-73.9809824,3683,FALSE,FALSE,0,0
"3684",1061531575,40.800462,-73.967871,3684,FALSE,FALSE,0,0
"3685",1061531593,40.793931,-73.9721589,3685,FALSE,FALSE,0,0
"3686",1061531596,40.7971801,-73.9698184,3686,FALSE,FALSE,0,0
"3687",1061531597,40.7770521,-73.9820009,3687,FALSE,FALSE,0,0
"3688",1061531603,40.7882886,-73.9764311,3688,FALSE,FALSE,0,0
"3689",1061531608,40.7762516,-73.9820341,3689,FALSE,FALSE,0,0
"3690",1061531631,40.7978046,-73.9693528,3690,FALSE,FALSE,0,0
"3691",1061531634,40.7809756,-73.9812236,3691,FALSE,FALSE,0,0
"3692",1061531637,40.7889354,-73.9758801,3692,FALSE,FALSE,0,0
"3693",1061531645,40.7851306,-73.9789316,3693,FALSE,FALSE,0,0
"3694",1061531654,40.8013033,-73.9677649,3694,FALSE,FALSE,0,0
"3695",1061531682,40.7908048,-73.9744853,3695,FALSE,FALSE,0,0
"3696",1061531683,40.7870136,-73.9775173,3696,FALSE,FALSE,0,0
"3697",1061531685,40.7721684,-73.9820764,3697,FALSE,TRUE,0,0
"3698",1061531695,40.7824512,-73.9807232,3698,FALSE,FALSE,0,0
"3699",1061531707,40.7738424,-73.9821234,3699,FALSE,TRUE,0,0
"3700",1061531717,40.8021583,-73.9676861,3700,FALSE,FALSE,0,0
"3701",1061531727,40.7959244,-73.9707469,3701,FALSE,FALSE,0,0
"3702",1061531730,40.7965537,-73.9702838,3702,FALSE,FALSE,0,0
"3703",1061531731,40.7914421,-73.9740114,3703,FALSE,FALSE,0,0
"3704",1061531736,40.792062,-73.9735575,3704,FALSE,FALSE,0,0
"3705",1061531757,40.779499,-73.9816284,3705,FALSE,FALSE,0,0
"3706",1061531768,40.7901822,-73.9749504,3706,FALSE,FALSE,0,0
"3707",1061531777,40.7696966,-73.9820135,3707,FALSE,TRUE,0,0
"3708",1061531787,40.7754477,-73.982069,3708,FALSE,FALSE,0,0
"3709",1061531790,40.7926891,-73.9730999,3709,FALSE,FALSE,0,0
"3710",1061531802,40.7984292,-73.9689001,3710,FALSE,FALSE,0,0
"3711",1061531803,40.7831278,-73.9803916,3711,FALSE,FALSE,0,0
"3712",1061531807,40.7946143,-73.9716646,3712,FALSE,FALSE,0,0
"3713",1061531810,40.789562,-73.9754139,3713,FALSE,FALSE,0,0
"3714",1061531815,40.7990677,-73.9684561,3714,FALSE,FALSE,0,0
"3715",1061531818,40.7857591,-73.9784462,3715,FALSE,FALSE,0,0
"3716",1061531839,40.7876288,-73.9769983,3716,FALSE,FALSE,0,0
"3717",1061531847,40.7933157,-73.9726391,3717,FALSE,FALSE,0,0
"3718",1202018697,40.8696332,-73.9180882,3718,FALSE,FALSE,0,0
"3719",1203709420,40.8610156,-73.91859,3719,FALSE,FALSE,0,0
"3720",1205714875,40.8592664,-73.9341707,3720,FALSE,FALSE,0,0
"3721",1205714910,40.8594152,-73.9339931,3721,FALSE,FALSE,0,0
"3722",1209796168,40.8642506,-73.9325826,3722,FALSE,FALSE,0,0
"3723",1241742563,40.7710965,-73.9834109,3723,FALSE,TRUE,0,0
"3724",1241742627,40.7698506,-73.9843204,3724,FALSE,TRUE,0,0
"3725",1241742743,40.7710474,-73.9871245,3725,FALSE,TRUE,0,0
"3726",1251958257,40.7048531,-74.0089272,3726,FALSE,TRUE,0,0
"3727",1272562931,40.7119157,-74.0060472,3727,FALSE,TRUE,0,0
"3728",1331391393,40.7725537,-73.9451757,3728,FALSE,FALSE,0,0
"3729",1332860726,40.8126411,-73.963002,3729,FALSE,FALSE,0,0
"3730",1332860731,40.8122569,-73.9621024,3730,FALSE,FALSE,0,0
"3731",1504153604,40.8105047,-73.961977,3731,FALSE,FALSE,0,0
"3732",1504153626,40.8093443,-73.959211,3732,FALSE,FALSE,0,0
"3733",1506445711,40.8055262,-73.9620084,3733,FALSE,FALSE,0,0
"3734",1506445762,40.807987,-73.9638012,3734,FALSE,FALSE,0,0
"3735",1506445789,40.8080286,-73.9579584,3735,FALSE,FALSE,0,0
"3736",1506445797,40.8082601,-73.96657,3736,FALSE,FALSE,0,0
"3737",1506445808,40.8047876,-73.9661339,3737,FALSE,FALSE,0,0
"3738",1506445821,40.8061125,-73.95936,3738,FALSE,FALSE,0,0
"3739",1506445822,40.8088597,-73.9658901,3739,FALSE,FALSE,0,0
"3740",1506591534,40.8118836,-73.9612283,3740,FALSE,FALSE,0,0
"3741",1506591536,40.8105898,-73.9621791,3741,FALSE,FALSE,0,0
"3742",1506599377,40.8124135,-73.9605437,3742,FALSE,FALSE,0,0
"3743",1506599378,40.8117893,-73.9610036,3743,FALSE,FALSE,0,0
"3744",1533280147,40.7546303,-73.997161,3744,FALSE,TRUE,0,0
"3745",1538237248,40.7099123,-74.0060881,3745,FALSE,TRUE,0,0
"3746",1538237325,40.7089774,-73.9978326,3746,FALSE,TRUE,0,0
"3747",1538237434,40.710588,-74.0073814,3747,FALSE,TRUE,0,0
"3748",1544809872,40.8723563,-73.9128142,3748,FALSE,FALSE,0,0
"3749",1544809882,40.8729372,-73.9118281,3749,TRUE,FALSE,0,0
"3750",1544809885,40.871216,-73.9141154,3750,FALSE,FALSE,0,0
"3751",1544809886,40.8707672,-73.9146859,3751,FALSE,FALSE,0,0
"3752",1544809889,40.8728468,-73.9119097,3752,FALSE,FALSE,0,0
"3753",1632878962,40.739037,-73.9735603,3753,FALSE,TRUE,0,0
"3754",1632878994,40.7401752,-73.9761435,3754,FALSE,TRUE,0,0
"3755",1672106382,40.7750338,-73.9907549,3755,FALSE,FALSE,0,0
"3756",1672106385,40.7739898,-73.990255,3756,FALSE,TRUE,0,0
"3757",1692433907,40.7252556,-73.9922827,3757,FALSE,TRUE,0,0
"3758",1692433911,40.7256566,-73.9937525,3758,FALSE,TRUE,0,0
"3759",1692433914,40.7258505,-73.9944634,3759,FALSE,TRUE,0,0
"3760",1692433916,40.7259345,-73.994648,3760,FALSE,TRUE,0,0
"3761",1692433918,40.7261375,-73.9950588,3761,FALSE,TRUE,0,0
"3762",1692433919,40.7265283,-73.9958473,3762,FALSE,TRUE,0,0
"3763",1692433920,40.7269315,-73.9966626,3763,FALSE,TRUE,0,0
"3764",1692433924,40.7276837,-73.9981746,3764,FALSE,TRUE,0,0
"3765",1692433928,40.7280695,-73.9989542,3765,FALSE,TRUE,0,0
"3766",1692433932,40.7284251,-73.9996723,3766,FALSE,TRUE,0,0
"3767",1692433935,40.7288005,-74.0004308,3767,FALSE,TRUE,0,0
"3768",1692433938,40.7291698,-74.001188,3768,FALSE,TRUE,0,0
"3769",1692433939,40.7299869,-74.0004979,3769,FALSE,TRUE,0,0
"3770",1692433940,40.7304314,-74.0001225,3770,FALSE,TRUE,0,0
"3771",1692433941,40.7310432,-73.9996039,3771,FALSE,TRUE,0,0
"3772",1692433942,40.7316274,-73.9991063,3772,FALSE,TRUE,0,0
"3773",1692450029,40.7366007,-73.9818452,3773,FALSE,TRUE,0,0
"3774",1701844605,40.7474172,-73.9762355,3774,FALSE,TRUE,0,0
"3775",1701844618,40.7521878,-74.0008966,3775,FALSE,TRUE,0,0
"3776",1701844664,40.7475579,-73.96877,3776,FALSE,TRUE,0,0
"3777",1701844698,40.747991,-73.9703956,3777,FALSE,TRUE,0,0
"3778",1705982030,40.8028555,-73.952687,3778,FALSE,FALSE,0,0
"3779",1733612450,40.763858,-73.9542116,3779,FALSE,FALSE,0,0
"3780",1733614298,40.7766527,-73.9830397,3780,FALSE,FALSE,0,0
"3781",1762221470,40.8555496,-73.929178,3781,FALSE,FALSE,0,0
"3782",1763608189,40.8553921,-73.9377353,3782,FALSE,FALSE,0,0
"3783",1763748995,40.8634843,-73.9197437,3783,FALSE,FALSE,0,0
"3784",1763749977,40.8621837,-73.9299945,3784,FALSE,FALSE,0,0
"3785",1763787328,40.8668062,-73.9309132,3785,FALSE,FALSE,0,0
"3786",1764400286,40.8616359,-73.9247646,3786,FALSE,FALSE,0,0
"3787",1764400288,40.8618235,-73.9241374,3787,FALSE,FALSE,0,0
"3788",1764400297,40.8612972,-73.9255794,3788,FALSE,FALSE,0,0
"3789",1764400300,40.8614188,-73.9251086,3789,FALSE,FALSE,0,0
"3790",1764400302,40.8614596,-73.924641,3790,FALSE,FALSE,0,0
"3791",1764400304,40.8619107,-73.9239021,3791,FALSE,FALSE,0,0
"3792",1764424345,40.8589802,-73.9229261,3792,FALSE,FALSE,0,0
"3793",1764626357,40.8632348,-73.9197718,3793,FALSE,FALSE,0,0
"3794",1764647101,40.8625988,-73.929954,3794,FALSE,FALSE,0,0
"3795",1764647103,40.8623213,-73.9294361,3795,FALSE,FALSE,0,0
"3796",1772136801,40.7048009,-74.0164093,3796,FALSE,TRUE,0,107
"3797",1772136810,40.7048354,-74.0156504,3797,FALSE,TRUE,0,61
"3798",1773055865,40.7135233,-73.9986438,3798,FALSE,TRUE,0,0
"3799",1773060097,40.7140611,-73.9975944,3799,FALSE,TRUE,0,0
"3800",1773060099,40.7137811,-73.9980743,3800,FALSE,TRUE,36,0
"3801",1773063787,40.7146482,-73.9971597,3801,FALSE,TRUE,0,0
"3802",1773063789,40.7150612,-73.9968638,3802,FALSE,TRUE,0,0
"3803",1773066054,40.7140865,-73.997415,3803,FALSE,TRUE,0,0
"3804",1773076509,40.7209411,-73.9937236,3804,FALSE,TRUE,0,0
"3805",1773076511,40.7202997,-73.9939846,3805,FALSE,TRUE,0,0
"3806",1773076513,40.719922,-73.9941898,3806,FALSE,TRUE,0,0
"3807",1773076778,40.7216095,-73.993464,3807,FALSE,TRUE,0,0
"3808",1773078006,40.7223344,-73.9932044,3808,FALSE,TRUE,0,0
"3809",1773082408,40.7227989,-73.993037,3809,FALSE,TRUE,0,0
"3810",1773082410,40.7241889,-73.992502,3810,FALSE,TRUE,0,0
"3811",1773084391,40.7252198,-73.9921355,3811,FALSE,TRUE,0,0
"3812",1773084402,40.7270946,-73.9915448,3812,FALSE,TRUE,0,0
"3813",1773084405,40.7263628,-73.9917292,3813,FALSE,TRUE,0,0
"3814",1773084407,40.725616,-73.9919947,3814,FALSE,TRUE,0,0
"3815",1773084410,40.7248647,-73.9922618,3815,FALSE,TRUE,0,0
"3816",1773121034,40.7277632,-73.9912281,3816,FALSE,TRUE,0,0
"3817",1775176473,40.7609647,-73.9640978,3817,FALSE,TRUE,0,0
"3818",1775176474,40.7606483,-73.9631118,3818,FALSE,TRUE,0,0
"3819",1775201764,40.760832,-73.9629017,3819,FALSE,TRUE,0,0
"3820",1775260897,40.716346,-73.9948041,3820,FALSE,TRUE,0,0
"3821",1795811317,40.8142699,-73.939138,3821,FALSE,FALSE,0,0
"3822",1807940789,40.7973896,-73.9662364,3822,FALSE,FALSE,0,0
"3823",1815133244,40.7653658,-73.9875752,3823,FALSE,TRUE,0,0
"3824",1825841655,40.7683054,-73.9822632,3824,FALSE,TRUE,0,0
"3825",1825841693,40.7676843,-73.9817558,3825,FALSE,TRUE,0,0
"3826",1825841704,40.7677227,-73.9821343,3826,FALSE,TRUE,0,0
"3827",1825841742,40.7683994,-73.9816789,3827,FALSE,TRUE,0,0
"3828",1825841743,40.7676746,-73.9818824,3828,FALSE,TRUE,0,0
"3829",1829177258,40.8509292,-73.9416078,3829,FALSE,FALSE,0,0
"3830",1905863520,40.812727,-73.949301,3830,FALSE,FALSE,0,0
"3831",1918039864,40.7240975,-73.9927155,3831,FALSE,TRUE,0,0
"3832",1918039869,40.7248879,-73.9949407,3832,FALSE,TRUE,0,0
"3833",1918039876,40.7231066,-73.9894363,3833,FALSE,TRUE,0,0
"3834",1918039877,40.7235954,-73.9910678,3834,FALSE,TRUE,0,0
"3835",1918039880,40.7251622,-73.9958807,3835,FALSE,TRUE,0,0
"3836",1918039896,40.7233601,-73.9902946,3836,FALSE,TRUE,0,0
"3837",1918039897,40.7250344,-73.9953692,3837,FALSE,TRUE,0,0
"3838",1918039898,40.7243691,-73.9934855,3838,FALSE,TRUE,0,0
"3839",1918039901,40.7246266,-73.994208,3839,FALSE,TRUE,0,0
"3840",1918039904,40.7240472,-73.9925524,3840,FALSE,TRUE,0,0
"3841",1919595910,40.7216715,-73.9847057,3841,FALSE,TRUE,0,25
"3842",1919595911,40.7224119,-73.9871601,3842,FALSE,TRUE,0,0
"3843",1919595912,40.7211632,-73.9830269,3843,FALSE,TRUE,0,0
"3844",1919595914,40.7226441,-73.9879176,3844,FALSE,TRUE,0,0
"3845",1919595915,40.7253844,-73.9968134,3845,FALSE,TRUE,0,0
"3846",1919595917,40.726118,-73.998407,3846,FALSE,TRUE,0,0
"3847",1919595918,40.7272378,-74.0006749,3847,FALSE,TRUE,0,0
"3848",1919595921,40.7214151,-73.9838696,3848,FALSE,TRUE,0,0
"3849",1919595922,40.7207645,-73.9812727,3849,FALSE,TRUE,0,0
"3850",1919595923,40.7209056,-73.9821814,3850,FALSE,TRUE,0,0
"3851",1919595924,40.7219214,-73.9855447,3851,FALSE,TRUE,0,0
"3852",1919595925,40.7257539,-73.9976695,3852,FALSE,TRUE,0,0
"3853",1919595926,40.7264932,-73.9991668,3853,FALSE,TRUE,0,0
"3854",1919595927,40.7276175,-74.0014439,3854,FALSE,TRUE,0,0
"3855",1919595928,40.7279861,-74.0021905,3855,FALSE,TRUE,0,0
"3856",1989931095,40.7262553,-73.9726487,3856,FALSE,TRUE,0,0
"3857",1996323622,40.7778592,-73.9819708,3857,FALSE,FALSE,0,0
"3858",2029349871,40.7954481,-73.9757989,3858,FALSE,FALSE,0,0
"3859",2061592973,40.7722404,-73.9899959,3859,FALSE,TRUE,0,0
"3860",2075592658,40.8392951,-73.9373385,3860,FALSE,FALSE,0,0
"3861",2075596386,40.8356703,-73.9395793,3861,FALSE,FALSE,0,0
"3862",2089938148,40.7594231,-73.9606575,3862,TRUE,FALSE,0,0
"3863",2089938149,40.759458,-73.9606274,3863,TRUE,FALSE,0,0
"3864",2093008357,40.8615058,-73.924849,3864,FALSE,FALSE,0,0
"3865",2099150501,40.80389,-73.9461817,3865,FALSE,FALSE,0,0
"3866",2140994070,40.8281028,-73.9347916,3866,FALSE,FALSE,0,0
"3867",2140997997,40.8276031,-73.9357889,3867,FALSE,FALSE,0,0
"3868",2140997998,40.82804,-73.9348364,3868,FALSE,FALSE,0,0
"3869",2141002590,40.8258024,-73.9361454,3869,FALSE,FALSE,0,0
"3870",2141002593,40.8260626,-73.9358564,3870,FALSE,FALSE,0,0
"3871",2141026491,40.807009,-73.9496555,3871,FALSE,FALSE,0,0
"3872",2141026492,40.8044957,-73.9514846,3872,FALSE,FALSE,0,0
"3873",2141026493,40.8102335,-73.9472988,3873,FALSE,FALSE,0,0
"3874",2141026494,40.8146014,-73.9441122,3874,FALSE,FALSE,0,0
"3875",2141026495,40.8228991,-73.9380514,3875,FALSE,FALSE,0,0
"3876",2141026496,40.8209346,-73.9394886,3876,FALSE,FALSE,0,0
"3877",2141026497,40.8057431,-73.950577,3877,FALSE,FALSE,0,0
"3878",2141026498,40.8038654,-73.951949,3878,FALSE,FALSE,0,0
"3879",2141026499,40.7994068,-73.9552205,3879,FALSE,FALSE,0,0
"3880",2141026500,40.8000053,-73.9547684,3880,FALSE,FALSE,0,0
"3881",2141026501,40.8096077,-73.9477576,3881,FALSE,FALSE,0,0
"3882",2141026502,40.8203089,-73.9399427,3882,FALSE,FALSE,0,0
"3883",2141026503,40.8089395,-73.9482476,3883,FALSE,FALSE,0,0
"3884",2141026504,40.8051196,-73.9510272,3884,FALSE,FALSE,0,0
"3885",2141026505,40.8178179,-73.9417633,3885,FALSE,FALSE,0,0
"3886",2141026506,40.8031843,-73.9524444,3886,FALSE,FALSE,0,0
"3887",2141026507,40.8159452,-73.9431299,3887,FALSE,FALSE,0,0
"3888",2141026508,40.811481,-73.9463951,3888,FALSE,FALSE,0,0
"3889",2141026509,40.8241529,-73.937135,3889,FALSE,FALSE,0,0
"3890",2141026510,40.8063799,-73.9501152,3890,FALSE,FALSE,0,0
"3891",2141026511,40.8082629,-73.9487406,3891,FALSE,FALSE,0,0
"3892",2141026513,40.8121043,-73.9459364,3892,FALSE,FALSE,0,0
"3893",2141026514,40.8190607,-73.9408456,3893,FALSE,FALSE,0,0
"3894",2141026515,40.8139768,-73.9445691,3894,FALSE,FALSE,0,0
"3895",2141026516,40.8255672,-73.9361135,3895,FALSE,FALSE,0,0
"3896",2141026518,40.8216091,-73.9389915,3896,FALSE,FALSE,0,0
"3897",2141026520,40.818438,-73.9413096,3897,FALSE,FALSE,0,0
"3898",2141026521,40.8222778,-73.938504,3898,FALSE,FALSE,0,0
"3899",2141026522,40.8247731,-73.936687,3899,FALSE,FALSE,0,0
"3900",2141026523,40.8018838,-73.9533927,3900,FALSE,FALSE,0,0
"3901",2141026524,40.8108572,-73.9468491,3901,FALSE,FALSE,0,0
"3902",2141026525,40.8006259,-73.9543146,3902,FALSE,FALSE,0,0
"3903",2141026532,40.8152726,-73.9436204,3903,FALSE,FALSE,0,0
"3904",2141026534,40.8133573,-73.9450192,3904,FALSE,FALSE,0,0
"3905",2141026536,40.8196887,-73.9403912,3905,FALSE,FALSE,0,0
"3906",2141026538,40.8076346,-73.9491964,3906,FALSE,FALSE,0,0
"3907",2141026540,40.81656,-73.942676,3907,FALSE,FALSE,0,0
"3908",2141026542,40.8171915,-73.9422181,3908,FALSE,FALSE,0,0
"3909",2141026544,40.8012531,-73.9538486,3909,FALSE,FALSE,0,0
"3910",2141026546,40.8025132,-73.9529374,3910,FALSE,FALSE,0,0
"3911",2141026548,40.8235315,-73.9375898,3911,FALSE,FALSE,0,0
"3912",2141026551,40.8127308,-73.9454761,3912,FALSE,FALSE,0,0
"3913",2302133933,40.7407867,-73.9838144,3913,FALSE,TRUE,0,0
"3914",2324482224,40.725685,-73.980768,3914,FALSE,TRUE,0,0
"3915",2348991703,40.7690007,-73.9953043,3915,FALSE,TRUE,37,0
"3916",2383895311,40.8213327,-73.9579208,3916,FALSE,FALSE,0,0
"3917",2481877063,40.8119775,-73.9360407,3917,FALSE,FALSE,0,0
"3918",2481877071,40.8122004,-73.9363359,3918,FALSE,FALSE,0,0
"3919",2499757467,40.8417297,-73.9394169,3919,FALSE,FALSE,0,0
"3920",2499757469,40.8420796,-73.9392752,3920,FALSE,FALSE,0,0
"3921",2499803004,40.8386183,-73.9400452,3921,FALSE,FALSE,0,0
"3922",2499803009,40.8386617,-73.9398419,3922,FALSE,FALSE,0,0
"3923",2499827795,40.8407273,-73.9441028,3923,FALSE,FALSE,0,0
"3924",2504882466,40.8350927,-73.9454337,3924,FALSE,FALSE,0,0
"3925",2504882471,40.8349265,-73.9455412,3925,FALSE,FALSE,0,0
"3926",2504882506,40.828736,-73.942224,3926,FALSE,FALSE,0,0
"3927",2512378850,40.8351701,-73.9456168,3927,FALSE,FALSE,0,0
"3928",2541754688,40.8418306,-73.9392469,3928,FALSE,FALSE,0,0
"3929",2541754747,40.8175078,-73.9568442,3929,FALSE,FALSE,0,0
"3930",2567558468,40.7139132,-73.9941658,3930,FALSE,TRUE,0,0
"3931",2567558915,40.7158403,-73.9941372,3931,FALSE,TRUE,0,0
"3932",2711029280,40.7583127,-73.9629223,3932,FALSE,TRUE,0,0
"3933",2799368116,40.8082841,-73.9387971,3933,FALSE,FALSE,0,0
"3934",2821304136,40.713618,-74.006753,3934,FALSE,TRUE,0,0
"3935",2821304137,40.7130447,-74.0072254,3935,FALSE,TRUE,0,0
"3936",2821304138,40.712544,-74.0076683,3936,FALSE,TRUE,0,0
"3937",2821304143,40.7117881,-74.0070888,3937,FALSE,TRUE,0,0
"3938",2821304145,40.7120337,-74.0060831,3938,FALSE,TRUE,0,0
"3939",2821304146,40.7121302,-74.0056926,3939,FALSE,TRUE,0,0
"3940",2824895141,40.7059917,-74.0087767,3940,FALSE,TRUE,0,0
"3941",2974462027,40.7712531,-73.9859388,3941,FALSE,TRUE,0,0
"3942",3099326116,40.7988778,-73.9520835,3942,FALSE,FALSE,0,0
"3943",3099326117,40.8001332,-73.9511752,3943,FALSE,FALSE,0,0
"3944",3099326118,40.8071315,-73.9460569,3944,FALSE,FALSE,0,0
"3945",3099326119,40.8065066,-73.946526,3945,FALSE,FALSE,0,0
"3946",3099326120,40.8078108,-73.9455708,3946,FALSE,FALSE,0,0
"3947",3099326121,40.8007573,-73.9507166,3947,FALSE,FALSE,0,0
"3948",3099326122,40.8184849,-73.9375793,3948,FALSE,FALSE,0,0
"3949",3099326124,40.8122349,-73.9423303,3949,FALSE,FALSE,0,0
"3950",3099326126,40.819742,-73.9366464,3950,FALSE,FALSE,0,0
"3951",3099326127,40.8103559,-73.9437153,3951,FALSE,FALSE,0,0
"3952",3099326128,40.8039962,-73.9483526,3952,FALSE,FALSE,0,0
"3953",3099327930,40.8166504,-73.9389307,3953,FALSE,FALSE,0,0
"3954",3099327931,40.8128495,-73.9418835,3954,FALSE,FALSE,0,0
"3955",3099327935,40.8178749,-73.9380263,3955,FALSE,FALSE,0,0
"3956",3099327937,40.8013803,-73.9502539,3956,FALSE,FALSE,0,0
"3957",3099327940,40.8134711,-73.9414254,3957,FALSE,FALSE,0,0
"3958",3099327944,40.8116007,-73.9428003,3958,FALSE,FALSE,0,0
"3959",3099327945,40.8109749,-73.9432528,3959,FALSE,FALSE,0,0
"3960",3099327948,40.8172567,-73.9384793,3960,FALSE,FALSE,0,0
"3961",3099327950,40.8027375,-73.9492747,3961,FALSE,FALSE,0,0
"3962",3099327951,40.8154373,-73.9399886,3962,FALSE,FALSE,0,0
"3963",3099327952,40.8020733,-73.9497548,3963,FALSE,FALSE,0,0
"3964",3099327955,40.814145,-73.9409348,3964,FALSE,FALSE,0,0
"3965",3099327957,40.8052502,-73.9474392,3965,FALSE,FALSE,0,0
"3966",3099327961,40.8148176,-73.9404415,3966,FALSE,FALSE,0,0
"3967",3099327962,40.8046223,-73.9478956,3967,FALSE,FALSE,0,0
"3968",3099327964,40.7982754,-73.9525303,3968,FALSE,FALSE,0,0
"3969",3099327965,40.8191141,-73.9371126,3969,FALSE,FALSE,0,0
"3970",3099327966,40.8033718,-73.9488235,3970,FALSE,FALSE,0,0
"3971",3099327968,40.8058736,-73.9469805,3971,FALSE,FALSE,0,0
"3972",3099327970,40.8097268,-73.9441642,3972,FALSE,FALSE,0,0
"3973",3099327972,40.8084812,-73.945077,3973,FALSE,FALSE,0,0
"3974",3099327974,40.7995043,-73.9516201,3974,FALSE,FALSE,0,0
"3975",3099327975,40.8091051,-73.9446164,3975,FALSE,FALSE,0,0
"3976",3099327976,40.8160584,-73.9395348,3976,FALSE,FALSE,0,0
"3977",3212472843,40.7191808,-73.9905372,3977,FALSE,TRUE,0,146
"3978",3212472963,40.7162541,-73.9920566,3978,FALSE,TRUE,0,0
"3979",3212472978,40.7124628,-73.9925486,3979,FALSE,TRUE,0,0
"3980",3247295579,40.8007563,-73.958402,3980,FALSE,FALSE,0,0
"3981",3269867944,40.8134277,-73.962436,3981,FALSE,FALSE,0,0
"3982",3270031002,40.755166,-74.0005225,3982,FALSE,TRUE,374,0
"3983",3270031028,40.7558116,-73.9999743,3983,FALSE,TRUE,0,0
"3984",3270031030,40.7563873,-73.999422,3984,FALSE,TRUE,0,0
"3985",3270031031,40.7565953,-73.9999215,3985,FALSE,TRUE,0,0
"3986",3350498747,40.706712,-74.0023233,3986,FALSE,TRUE,0,0
"3987",3430331121,40.7381901,-73.9795551,3987,FALSE,TRUE,0,156
"3988",3430331122,40.7378834,-73.9788226,3988,FALSE,TRUE,0,0
"3989",3533937800,40.7733062,-73.9905614,3989,FALSE,TRUE,0,0
"3990",3551738975,40.8136722,-73.9535288,3990,FALSE,FALSE,0,0
"3991",3551756586,40.7583833,-73.9590324,3991,FALSE,FALSE,0,0
"3992",3567807957,40.7211124,-74.0065788,3992,FALSE,TRUE,0,0
"3993",3570003194,40.8179727,-73.9617569,3993,FALSE,FALSE,0,0
"3994",3574612293,40.707201,-74.0149214,3994,FALSE,TRUE,0,0
"3995",3574648567,40.705734,-74.0151119,3995,FALSE,TRUE,0,0
"3996",3574648569,40.7071861,-74.0157313,3996,FALSE,TRUE,0,0
"3997",3579426871,40.8084384,-73.9648822,3997,FALSE,FALSE,0,0
"3998",3579426874,40.810373,-73.963477,3998,FALSE,FALSE,0,0
"3999",3579432156,40.8041328,-73.9666013,3999,FALSE,FALSE,0,0
"4000",3579432159,40.8074173,-73.9584103,4000,FALSE,FALSE,0,0
"4001",3579432160,40.8086658,-73.9576175,4001,FALSE,FALSE,0,0
"4002",3579432161,40.8100023,-73.958727,4002,FALSE,FALSE,0,0
"4003",3579432162,40.8106334,-73.9582686,4003,FALSE,FALSE,0,0
"4004",3584752508,40.7314143,-73.996976,4004,FALSE,TRUE,0,0
"4005",3588508439,40.7154577,-74.0146395,4005,FALSE,TRUE,0,0
"4006",3624790934,40.726752,-73.973799,4006,FALSE,TRUE,0,0
"4007",3630219668,40.717928,-73.9856527,4007,FALSE,TRUE,0,0
"4008",3630249566,40.7176161,-73.9858243,4008,TRUE,TRUE,0,0
"4009",3631837584,40.784547,-73.9418238,4009,FALSE,FALSE,0,0
"4010",3631837585,40.7840873,-73.9429425,4010,FALSE,FALSE,0,0
"4011",3639382767,40.7508732,-73.97867,4011,FALSE,TRUE,0,0
"4012",3639382768,40.7508231,-73.9787456,4012,FALSE,TRUE,0,0
"4013",3639382769,40.7531005,-73.9778716,4013,FALSE,TRUE,0,0
"4014",3670609093,40.7199847,-73.9836452,4014,FALSE,TRUE,0,0
"4015",3702296508,40.8055775,-73.9342104,4015,FALSE,FALSE,0,0
"4016",3718637426,40.8643376,-73.9166074,4016,FALSE,FALSE,0,0
"4017",3718672443,40.773612,-73.9815824,4017,FALSE,TRUE,0,0
"4018",3772840882,40.7095053,-74.0138882,4018,FALSE,TRUE,0,0
"4019",3783071109,40.721278,-73.9829678,4019,FALSE,TRUE,0,0
"4020",3783071112,40.7210194,-73.9821197,4020,FALSE,TRUE,0,0
"4021",3785522931,40.7850458,-73.9410405,4021,FALSE,FALSE,0,0
"4022",3785532381,40.780193,-73.9441831,4022,FALSE,FALSE,0,0
"4023",3785532382,40.7799516,-73.9441142,4023,FALSE,FALSE,0,0
"4024",3785575833,40.7596406,-73.958169,4024,FALSE,FALSE,0,0
"4025",3785585954,40.7610569,-73.9640313,4025,FALSE,TRUE,0,0
"4026",3785586743,40.7599331,-73.9646643,4026,FALSE,TRUE,0,0
"4027",3785586748,40.7600127,-73.9637529,4027,FALSE,TRUE,0,0
"4028",3785707059,40.7155363,-73.9788947,4028,FALSE,TRUE,0,0
"4029",3786728557,40.797172,-73.9293306,4029,FALSE,FALSE,0,0
"4030",3786728678,40.8020916,-73.9340754,4030,FALSE,FALSE,0,0
"4031",3786728679,40.8019596,-73.934173,4031,FALSE,FALSE,0,0
"4032",3786728763,40.8011674,-73.9295616,4032,FALSE,FALSE,0,0
"4033",3786728788,40.8039604,-73.9320106,4033,FALSE,FALSE,0,0
"4034",3786741452,40.8057132,-73.9346439,4034,FALSE,FALSE,0,0
"4035",3786876211,40.7649057,-73.953189,4035,TRUE,FALSE,0,0
"4036",3786901738,40.7463887,-73.9817513,4036,FALSE,TRUE,0,0
"4037",3786901743,40.7470595,-73.9812534,4037,FALSE,TRUE,0,0
"4038",3788379733,40.721888,-74.0053637,4038,FALSE,TRUE,0,0
"4039",3829675223,40.7523347,-73.9669654,4039,FALSE,TRUE,0,0
"4040",3831856757,40.7479653,-73.970531,4040,FALSE,TRUE,0,0
"4041",3834923371,40.747269,-73.9759838,4041,FALSE,TRUE,0,0
"4042",3858909357,40.8045239,-73.9457212,4042,FALSE,FALSE,0,0
"4043",3884569924,40.7100562,-74.0012106,4043,FALSE,TRUE,0,0
"4044",3884569931,40.7101928,-74.0011123,4044,FALSE,TRUE,0,0
"4045",3891963915,40.7279987,-74.0030167,4045,FALSE,TRUE,0,0
"4046",3892037906,40.7300663,-73.9875129,4046,FALSE,TRUE,0,0
"4047",3914862593,40.7047291,-74.014987,4047,FALSE,TRUE,0,0
"4048",3917286380,40.7969242,-73.9760626,4048,FALSE,FALSE,0,0
"4049",3931519753,40.798685,-73.9334544,4049,FALSE,FALSE,0,0
"4050",3931524258,40.799819,-73.935467,4050,FALSE,FALSE,0,0
"4051",3931524260,40.801884,-73.9339793,4051,FALSE,FALSE,0,0
"4052",3931524261,40.7994809,-73.9357143,4052,FALSE,FALSE,0,0
"4053",3931534870,40.8001169,-73.9352513,4053,FALSE,FALSE,0,0
"4054",3931534871,40.8007405,-73.9347941,4054,FALSE,FALSE,0,0
"4055",4012724171,40.727599,-73.985307,4055,FALSE,TRUE,0,0
"4056",4015190382,40.728358,-73.9907799,4056,FALSE,TRUE,0,0
"4057",4015192929,40.707836,-74.0043276,4057,FALSE,TRUE,0,0
"4058",4016646206,40.789698,-73.9698629,4058,FALSE,FALSE,0,0
"4059",4016646214,40.8005207,-73.957867,4059,FALSE,FALSE,0,0
"4060",4121409402,40.7102129,-73.996504,4060,FALSE,TRUE,0,0
"4061",4133206254,40.742328,-74.0085059,4061,FALSE,TRUE,0,0
"4062",4137021568,40.7204753,-74.006894,4062,FALSE,TRUE,0,0
"4063",4138911201,40.7401138,-73.9822001,4063,FALSE,TRUE,0,0
"4064",4142105811,40.7240219,-74.0084406,4064,FALSE,TRUE,0,0
"4065",4142105812,40.7246766,-74.0093172,4065,FALSE,TRUE,0,0
"4066",4142105813,40.7228854,-74.0067677,4066,FALSE,TRUE,0,0
"4067",4142105822,40.7236607,-74.0079501,4067,FALSE,TRUE,0,0
"4068",4143851142,40.7179523,-74.0055874,4068,FALSE,TRUE,0,0
"4069",4143851144,40.7182558,-74.0052693,4069,FALSE,TRUE,0,25
"4070",4143859865,40.7217139,-74.0053281,4070,FALSE,TRUE,0,0
"4071",4143859873,40.7216796,-74.0050647,4071,FALSE,TRUE,0,0
"4072",4143875757,40.7117314,-74.0078441,4072,FALSE,TRUE,0,0
"4073",4143876126,40.7119124,-74.0038768,4073,FALSE,TRUE,0,0
"4074",4145424858,40.7087468,-74.0180549,4074,FALSE,TRUE,0,0
"4075",4145735057,40.7020631,-74.0097583,4075,FALSE,TRUE,0,0
"4076",4145735059,40.7019107,-74.0098765,4076,FALSE,TRUE,0,0
"4077",4145735066,40.7019726,-74.0100288,4077,FALSE,TRUE,0,0
"4078",4145794861,40.7022883,-74.0094947,4078,FALSE,TRUE,0,0
"4079",4147546533,40.7019381,-74.010508,4079,FALSE,TRUE,0,0
"4080",4149748671,40.7076492,-74.0155375,4080,FALSE,TRUE,0,0
"4081",4149936235,40.7069507,-74.0135153,4081,FALSE,TRUE,0,0
"4082",4149936245,40.7071527,-74.0139431,4082,FALSE,TRUE,0,0
"4083",4149947889,40.7055479,-74.0151647,4083,FALSE,TRUE,0,0
"4084",4158673495,40.7105184,-74.0029673,4084,FALSE,TRUE,84,0
"4085",4158740807,40.7114021,-74.0036437,4085,FALSE,TRUE,0,0
"4086",4158749895,40.708837,-73.9993506,4086,FALSE,TRUE,0,0
"4087",4158752889,40.7090749,-74.0007292,4087,TRUE,TRUE,0,0
"4088",4158752891,40.7091796,-74.0005855,4088,FALSE,TRUE,0,0
"4089",4158753824,40.7111417,-74.0030492,4089,FALSE,TRUE,0,0
"4090",4158807592,40.7132906,-73.9982694,4090,FALSE,TRUE,0,0
"4091",4161568888,40.7310019,-73.974057,4091,FALSE,TRUE,0,64
"4092",4163883691,40.7839392,-73.9523473,4092,FALSE,FALSE,0,0
"4093",4163940359,40.8058118,-73.9507375,4093,FALSE,FALSE,0,0
"4094",4202908174,40.7282339,-74.0023601,4094,FALSE,TRUE,0,0
"4095",4205440426,40.824705,-73.944268,4095,FALSE,FALSE,0,0
"4096",4205440429,40.8280452,-73.9425031,4096,FALSE,FALSE,0,0
"4097",4205565514,40.7413136,-74.0013891,4097,FALSE,TRUE,0,0
"4098",4205565533,40.7448732,-73.9987872,4098,FALSE,TRUE,0,0
"4099",4205892229,40.7658836,-73.9535379,4099,FALSE,FALSE,0,0
"4100",4207143418,40.720323,-74.0120513,4100,FALSE,TRUE,0,0
"4101",4207143421,40.7229769,-74.0114958,4101,FALSE,TRUE,0,0
"4102",4207802391,40.7048188,-74.0167012,4102,FALSE,TRUE,0,0
"4103",4207806923,40.7109092,-73.9922145,4103,FALSE,TRUE,0,0
"4104",4207863943,40.8198059,-73.9367953,4104,FALSE,FALSE,0,0
"4105",4207913309,40.7554715,-73.9947995,4105,FALSE,TRUE,0,0
"4106",4207962275,40.7963136,-73.9382919,4106,FALSE,FALSE,0,0
"4107",4235734223,40.7298108,-73.988692,4107,FALSE,TRUE,0,0
"4108",4235734225,40.729932,-73.9886028,4108,FALSE,TRUE,0,0
"4109",4274141356,40.740344,-73.9731358,4109,FALSE,TRUE,0,0
"4110",4288677093,40.7615618,-73.966589,4110,FALSE,TRUE,0,0
"4111",4300940094,40.7171005,-73.9826968,4111,FALSE,TRUE,0,0
"4112",4320028826,40.7337334,-74.0027408,4112,FALSE,TRUE,0,0
"4113",4321748237,40.7284697,-74.0028017,4113,FALSE,TRUE,0,0
"4114",4321748238,40.7283741,-74.0028488,4114,FALSE,TRUE,0,0
"4115",4332491210,40.7227585,-73.9878608,4115,FALSE,TRUE,0,0
"4116",4347534767,40.7645689,-73.9736594,4116,FALSE,TRUE,0,0
"4117",4347534783,40.7649193,-73.9725564,4117,FALSE,TRUE,0,0
"4118",4347550065,40.768263,-73.981474,4118,FALSE,TRUE,0,0
"4119",4347550071,40.7681044,-73.9813948,4119,FALSE,TRUE,0,0
"4120",4347550074,40.7675992,-73.980785,4120,FALSE,TRUE,0,0
"4121",4375208206,40.7147078,-73.9824653,4121,FALSE,TRUE,0,0
"4122",4412043541,40.7430812,-73.9722255,4122,FALSE,TRUE,0,0
"4123",4443775464,40.7496742,-73.9952961,4123,FALSE,TRUE,0,0
"4124",4443775465,40.7502936,-73.9948451,4124,FALSE,TRUE,0,0
"4125",4461990857,40.7503422,-73.9910985,4125,FALSE,TRUE,0,0
"4126",4477147269,40.715825,-73.9948682,4126,FALSE,TRUE,0,0
"4127",4477147270,40.7158789,-73.9950325,4127,FALSE,TRUE,0,0
"4128",4477147271,40.7155759,-73.9952687,4128,FALSE,TRUE,0,0
"4129",4478001045,40.7225365,-73.987092,4129,FALSE,TRUE,0,0
"4130",4487582555,40.7112524,-73.9896443,4130,FALSE,TRUE,0,0
"4131",4487582556,40.7126663,-73.9898655,4131,FALSE,TRUE,0,0
"4132",4487582557,40.7119812,-73.9897583,4132,FALSE,TRUE,0,0
"4133",4491359481,40.7552917,-73.9949335,4133,FALSE,TRUE,0,0
"4134",4492821528,40.7384641,-74.0037634,4134,FALSE,TRUE,0,0
"4135",4506716195,40.7160039,-73.9954452,4135,FALSE,TRUE,0,0
"4136",4515465264,40.8303722,-73.9401371,4136,FALSE,FALSE,0,0
"4137",4515465265,40.8687597,-73.9311686,4137,FALSE,FALSE,0,0
"4138",4557495130,40.774231,-73.9811332,4138,FALSE,TRUE,0,0
"4139",4557517549,40.7515002,-73.997716,4139,FALSE,TRUE,0,0
"4140",4557517550,40.7416809,-74.0049194,4140,FALSE,TRUE,0,0
"4141",4557517552,40.7421252,-74.0045542,4141,FALSE,TRUE,0,0
"4142",4557517554,40.740988,-74.0054364,4142,FALSE,TRUE,0,0
"4143",4557517555,40.7402804,-74.0059045,4143,FALSE,TRUE,0,0
"4144",4561384853,40.7139735,-74.0030237,4144,FALSE,TRUE,0,0
"4145",4562863353,40.7700936,-73.9494513,4145,FALSE,FALSE,0,0
"4146",4597668020,40.7458228,-73.9823245,4146,FALSE,TRUE,0,0
"4147",4597668023,40.7360007,-73.9894916,4147,FALSE,TRUE,0,0
"4148",4597668026,40.7371699,-73.9886291,4148,FALSE,TRUE,0,0
"4149",4597668028,40.7383383,-73.9877778,4149,FALSE,TRUE,0,0
"4150",4597668029,40.7408706,-73.9859325,4150,FALSE,TRUE,0,0
"4151",4597668030,40.7433448,-73.9841296,4151,FALSE,TRUE,0,124
"4152",4597668031,40.7427282,-73.9845789,4152,FALSE,TRUE,0,0
"4153",4597668032,40.7421093,-73.9850299,4153,FALSE,TRUE,0,0
"4154",4597668033,40.7445912,-73.9832311,4154,FALSE,TRUE,0,0
"4155",4597668035,40.7353655,-73.9899712,4155,FALSE,TRUE,0,0
"4156",4597668036,40.7365712,-73.9890672,4156,FALSE,TRUE,0,0
"4157",4597668038,40.7377528,-73.9882045,4157,FALSE,TRUE,0,0
"4158",4597668039,40.7389179,-73.9873554,4158,FALSE,TRUE,0,0
"4159",4597668040,40.7395407,-73.9869016,4159,FALSE,TRUE,0,0
"4160",4597668041,40.7402148,-73.98641,4160,FALSE,TRUE,0,0
"4161",4597668042,40.7414834,-73.985486,4161,FALSE,TRUE,0,0
"4162",4597668043,40.7439728,-73.9836755,4162,FALSE,TRUE,87,0
"4163",4597668044,40.7452064,-73.9827891,4163,FALSE,TRUE,0,0
"4164",4602414021,40.7237608,-74.0061172,4164,FALSE,TRUE,0,0
"4165",4616536348,40.7244231,-74.006055,4165,FALSE,TRUE,0,0
"4166",4616536351,40.7256907,-74.0058541,4166,FALSE,TRUE,0,0
"4167",4616536352,40.7250366,-74.0059578,4167,FALSE,TRUE,0,0
"4168",4629486879,40.7234955,-74.0077224,4168,FALSE,TRUE,0,0
"4169",4679523598,40.7336357,-74.0026286,4169,FALSE,TRUE,0,0
"4170",4682935360,40.7721616,-73.9917766,4170,FALSE,TRUE,0,0
"4171",4682935365,40.7726974,-73.9910498,4171,FALSE,TRUE,0,0
"4172",4708064890,40.805728,-73.9544117,4172,FALSE,FALSE,0,0
"4173",4754091366,40.7157771,-74.0065871,4173,FALSE,TRUE,0,0
"4174",4778174564,40.7218075,-74.0064418,4174,FALSE,TRUE,0,0
"4175",4779073677,40.7830347,-73.9440388,4175,FALSE,FALSE,0,0
"4176",4779073679,40.7832515,-73.9447201,4176,FALSE,FALSE,0,0
"4177",4779073680,40.7829268,-73.9441165,4177,FALSE,FALSE,0,0
"4178",4814440062,40.8613637,-73.9252612,4178,FALSE,FALSE,0,0
"4179",4841945993,40.7337978,-74.0044748,4179,FALSE,TRUE,0,0
"4180",4841945995,40.7333791,-74.0043727,4180,FALSE,TRUE,0,0
"4181",4862610026,40.7596371,-73.970072,4181,FALSE,TRUE,0,0
"4182",4872623863,40.7460777,-74.0080022,4182,FALSE,TRUE,0,0
"4183",4878831008,40.713153,-74.0041097,4183,FALSE,TRUE,0,0
"4184",4886250352,40.7609238,-73.9573589,4184,FALSE,FALSE,0,0
"4185",4888388399,40.810843,-73.95068,4185,FALSE,FALSE,0,0
"4186",4899886546,40.7518021,-74.008024,4186,FALSE,TRUE,0,0
"4187",4899886584,40.7538388,-74.0072533,4187,FALSE,TRUE,0,0
"4188",5004570627,40.8010338,-73.9711777,4188,FALSE,FALSE,0,0
"4189",5004570630,40.8075991,-73.966962,4189,FALSE,FALSE,0,0
"4190",5004570631,40.8082218,-73.966476,4190,FALSE,FALSE,0,0
"4191",5004570632,40.8088175,-73.9657902,4191,FALSE,FALSE,0,0
"4192",5004570644,40.8069441,-73.9673729,4192,FALSE,FALSE,0,0
"4193",5004570651,40.8036478,-73.9692822,4193,FALSE,FALSE,0,0
"4194",5004570653,40.8107511,-73.9643865,4194,FALSE,FALSE,0,0
"4195",5048446874,40.8481992,-73.9413213,4195,FALSE,FALSE,0,0
"4196",5048446875,40.8490101,-73.9410566,4196,FALSE,FALSE,0,0
"4197",5051482018,40.8688397,-73.9316097,4197,FALSE,FALSE,0,0
"4198",5071822871,40.8681842,-73.919497,4198,FALSE,FALSE,0,0
"4199",5079840928,40.71572,-73.9787954,4199,TRUE,TRUE,0,0
"4200",5079840929,40.7177385,-73.985479,4200,FALSE,TRUE,0,0
"4201",5131026388,40.744792,-73.9758885,4201,FALSE,TRUE,0,0
"4202",5137743341,40.7342233,-73.9747585,4202,FALSE,TRUE,0,0
"4203",5137747688,40.7353722,-73.9748022,4203,FALSE,TRUE,0,0
"4204",5137978709,40.7323695,-73.9743536,4204,FALSE,TRUE,0,0
"4205",5145323793,40.7267944,-73.9720829,4205,FALSE,TRUE,0,0
"4206",5145330172,40.7292368,-73.9734571,4206,FALSE,TRUE,0,0
"4207",5145531517,40.7312335,-73.9739988,4207,FALSE,TRUE,0,0
"4208",5151708184,40.7277347,-74.0031249,4208,FALSE,TRUE,0,165
"4209",5159433792,40.7219524,-73.9962656,4209,FALSE,TRUE,0,0
"4210",5161246301,40.7166441,-73.9958234,4210,FALSE,TRUE,0,0
"4211",5161246307,40.7162403,-73.9960723,4211,FALSE,TRUE,0,0
"4212",5163687759,40.7578199,-73.9594365,4212,FALSE,FALSE,0,0
"4213",5165632724,40.756043,-74.0005227,4213,FALSE,TRUE,0,0
"4214",5173594703,40.7176795,-73.9848249,4214,FALSE,TRUE,0,0
"4215",5174867983,40.7173006,-73.9794215,4215,FALSE,TRUE,0,0
"4216",5216470727,40.7230023,-74.0050623,4216,FALSE,TRUE,0,0
"4217",5286408252,40.7340705,-73.9777111,4217,FALSE,TRUE,0,0
"4218",5333189421,40.8314909,-73.9355196,4218,FALSE,FALSE,0,0
"4219",5333189422,40.8315256,-73.9356297,4219,FALSE,FALSE,0,0
"4220",5333189423,40.8312003,-73.93571,4220,FALSE,FALSE,0,0
"4221",5333189424,40.8312441,-73.935819,4221,FALSE,FALSE,0,0
"4222",5333189426,40.8309992,-73.9358552,4222,FALSE,FALSE,0,0
"4223",5333189427,40.8307376,-73.9360476,4223,FALSE,FALSE,0,0
"4224",5333189428,40.8305317,-73.9362077,4224,FALSE,FALSE,0,0
"4225",5378284711,40.7087869,-74.0008507,4225,FALSE,TRUE,0,0
"4226",5378686574,40.8147982,-73.9361896,4226,FALSE,FALSE,0,0
"4227",5426969134,40.755104,-73.9619994,4227,FALSE,FALSE,0,0
"4228",5482291262,40.8044078,-73.9324189,4228,FALSE,FALSE,0,0
"4229",5542680310,40.7658448,-73.9634512,4229,FALSE,TRUE,0,0
"4230",5542680312,40.7657768,-73.9630103,4230,FALSE,TRUE,0,0
"4231",5542680313,40.7656844,-73.9630757,4231,FALSE,TRUE,0,0
"4232",5545401592,40.748363,-73.9998692,4232,FALSE,TRUE,0,0
"4233",5550244687,40.7648965,-73.9612132,4233,FALSE,FALSE,0,0
"4234",5550244688,40.7650445,-73.9615991,4234,FALSE,FALSE,0,0
"4235",5550244689,40.7651489,-73.9615207,4235,FALSE,FALSE,0,0
"4236",5706568625,40.7699178,-73.9805837,4236,FALSE,TRUE,0,0
"4237",5706568658,40.7131705,-73.9926457,4237,FALSE,TRUE,0,0
"4238",5706568771,40.7642754,-73.9730294,4238,FALSE,TRUE,0,0
"4239",5706569898,40.7184284,-74.0005347,4239,FALSE,TRUE,0,0
"4240",5706569905,40.716871,-74.004026,4240,FALSE,TRUE,0,0
"4241",5730369220,40.7501036,-74.006123,4241,FALSE,TRUE,0,0
"4242",5749215967,40.7858728,-73.93985,4242,FALSE,FALSE,0,0
"4243",5763775589,40.8150353,-73.9586275,4243,FALSE,FALSE,0,0
"4244",5771241290,40.8753986,-73.9257071,4244,FALSE,FALSE,0,0
"4245",5771241294,40.8758382,-73.9246902,4245,TRUE,FALSE,0,0
"4246",5779545445,40.7478125,-73.9683571,4246,FALSE,TRUE,0,0
"4247",5796726888,40.7143885,-73.9925624,4247,FALSE,TRUE,0,0
"4248",5798966629,40.7229688,-73.9885765,4248,FALSE,TRUE,0,0
"4249",5799117240,40.7268876,-73.9999657,4249,FALSE,TRUE,0,0
"4250",5799117244,40.7262337,-73.9983091,4250,FALSE,TRUE,0,0
"4251",5799766717,40.7105597,-73.9941336,4251,FALSE,TRUE,36,0
"4252",5804835269,40.7161863,-73.9874808,4252,FALSE,TRUE,0,0
"4253",5812723033,40.7156024,-74.0111062,4253,FALSE,TRUE,0,0
"4254",5812723035,40.7188059,-74.0103517,4254,FALSE,TRUE,65,0
"4255",5812723036,40.7169068,-74.010766,4255,FALSE,TRUE,0,0
"4256",5815234915,40.7097119,-74.0150777,4256,FALSE,TRUE,0,0
"4257",5837088104,40.7325066,-74.0034387,4257,FALSE,TRUE,0,0
"4258",5837088105,40.7322539,-74.0035825,4258,FALSE,TRUE,0,0
"4259",5838916777,40.8011565,-73.9596504,4259,FALSE,FALSE,0,0
"4260",5843576975,40.8142114,-73.9341955,4260,FALSE,FALSE,0,0
"4261",5849918502,40.74401,-73.9994252,4261,FALSE,TRUE,0,0
"4262",5849918504,40.7579117,-73.9892961,4262,FALSE,TRUE,0,0
"4263",5852272391,40.7532743,-73.9666582,4263,FALSE,TRUE,0,0
"4264",5890982665,40.8635998,-73.9195831,4264,FALSE,FALSE,0,0
"4265",5959765085,40.8054723,-73.9319966,4265,FALSE,FALSE,0,0
"4266",5993830853,40.7533202,-73.9665034,4266,FALSE,TRUE,0,0
"4267",6086355078,40.7684951,-73.9495987,4267,FALSE,FALSE,0,0
"4268",6123654602,40.7172435,-73.9988759,4268,FALSE,TRUE,0,0
"4269",6133355290,40.7536872,-73.9662667,4269,FALSE,TRUE,0,0
"4270",6166333236,40.7462362,-73.9739709,4270,FALSE,TRUE,0,0
"4271",6166333257,40.7471196,-73.9754887,4271,FALSE,TRUE,0,0
"4272",6166333258,40.7469455,-73.9754531,4272,FALSE,TRUE,0,0
"4273",6166413694,40.7456073,-73.9731927,4273,FALSE,TRUE,0,0
"4274",6166413696,40.7456689,-73.973431,4274,FALSE,TRUE,0,0
"4275",6166969757,40.8048929,-73.9624703,4275,FALSE,FALSE,0,0
"4276",6173564360,40.7729979,-73.9821059,4276,FALSE,TRUE,0,0
"4277",6176483595,40.7612397,-73.9639021,4277,FALSE,TRUE,0,0
"4278",6176628861,40.745191,-73.9709232,4278,FALSE,TRUE,0,0
"4279",6177439749,40.7602517,-73.9615014,4279,FALSE,FALSE,0,0
"4280",6177439750,40.7635085,-73.969259,4280,FALSE,TRUE,0,5
"4281",6177439752,40.7635851,-73.9694394,4281,FALSE,TRUE,0,0
"4282",6177439759,40.7621951,-73.9661278,4282,FALSE,TRUE,0,0
"4283",6181480033,40.7871229,-73.9479214,4283,FALSE,FALSE,0,0
"4284",6185259892,40.779687,-73.9443831,4284,FALSE,FALSE,0,0
"4285",6185447546,40.7720711,-73.9459707,4285,FALSE,FALSE,0,0
"4286",6198320765,40.8168973,-73.9572758,4286,FALSE,FALSE,0,0
"4287",6207264908,40.778601,-73.98161,4287,FALSE,FALSE,0,0
"4288",6211332483,40.7391128,-74.0031635,4288,FALSE,TRUE,0,0
"4289",6211334202,40.7368828,-74.0055274,4289,FALSE,TRUE,0,0
"4290",6213204061,40.736611,-74.005314,4290,FALSE,TRUE,0,0
"4291",6216836461,40.7954456,-73.9319863,4291,FALSE,FALSE,0,0
"4292",6223571521,40.8100199,-73.9625912,4292,FALSE,FALSE,0,0
"4293",6223571522,40.8099318,-73.9623955,4293,FALSE,FALSE,0,0
"4294",6223571523,40.8093706,-73.9630594,4294,FALSE,FALSE,0,0
"4295",6223571524,40.8092888,-73.9628599,4295,FALSE,FALSE,0,0
"4296",6223969260,40.7483045,-73.9881935,4296,FALSE,TRUE,0,0
"4297",6262915547,40.7083391,-74.0076543,4297,FALSE,TRUE,0,0
"4298",6262915548,40.7072416,-74.007454,4298,FALSE,TRUE,0,0
"4299",6266152785,40.8018953,-73.9300369,4299,FALSE,FALSE,0,0
"4300",6279091713,40.7453411,-73.9985565,4300,FALSE,TRUE,0,0
"4301",6289180287,40.782228,-73.9443514,4301,FALSE,FALSE,0,0
"4302",6289180295,40.7822424,-73.9444401,4302,FALSE,FALSE,0,0
"4303",6289180298,40.7805009,-73.9441571,4303,FALSE,FALSE,0,0
"4304",6330018917,40.7124807,-73.9922822,4304,FALSE,TRUE,0,0
"4305",6331080434,40.7341911,-73.9750336,4305,FALSE,TRUE,0,0
"4306",6331080435,40.7360982,-73.9787384,4306,TRUE,TRUE,0,0
"4307",6417761624,40.7105022,-74.0145419,4307,FALSE,TRUE,0,0
"4308",6431058183,40.807775,-73.9529182,4308,FALSE,FALSE,0,0
"4309",6511274595,40.8070815,-73.9335118,4309,FALSE,FALSE,0,0
"4310",6515269079,40.8026123,-73.9307862,4310,FALSE,FALSE,0,0
"4311",6516908811,40.8093528,-73.934988,4311,FALSE,FALSE,0,0
"4312",6518638079,40.7382262,-74.0040312,4312,FALSE,TRUE,0,0
"4313",6572026580,40.7405824,-73.9756299,4313,FALSE,TRUE,0,0
"4314",6575692624,40.7589304,-74.0033826,4314,FALSE,TRUE,0,0
"4315",6636032331,40.7545209,-74.0010703,4315,FALSE,TRUE,0,0
"4316",6680686184,40.7595538,-73.9679487,4316,FALSE,TRUE,0,0
"4317",6680686985,40.7602235,-73.9674539,4317,FALSE,TRUE,0,0
"4318",6744466013,40.7627226,-73.9615722,4318,FALSE,FALSE,0,0
"4319",6813350876,40.8158273,-73.9612283,4319,FALSE,FALSE,0,0
"4320",6867580414,40.8179509,-73.9604157,4320,FALSE,FALSE,0,0
"4321",6868145381,40.8113749,-73.9640405,4321,FALSE,FALSE,0,0
"4322",6882378422,40.8610468,-73.9249627,4322,TRUE,FALSE,0,0
"4323",6885524021,40.8253058,-73.9537325,4323,FALSE,FALSE,0,0
"4324",6885524030,40.8236481,-73.9552907,4324,FALSE,FALSE,0,0
"4325",6928075146,40.7610298,-73.9966945,4325,FALSE,TRUE,0,0
"4326",6979088365,40.8253369,-73.9536712,4326,FALSE,FALSE,0,0
"4327",6979088367,40.8254264,-73.9536804,4327,FALSE,FALSE,0,0
"4328",7004393049,40.8028712,-73.9677238,4328,FALSE,FALSE,0,0
"4329",7037071175,40.754589,-73.9970628,4329,FALSE,TRUE,0,0
"4330",7050687060,40.7722805,-73.9862242,4330,FALSE,TRUE,0,0
"4331",7073877295,40.7583508,-74.0038049,4331,FALSE,TRUE,0,0
"4332",7076060066,40.792956,-73.9480532,4332,FALSE,FALSE,0,0
"4333",7076060068,40.7928444,-73.9477848,4333,FALSE,FALSE,0,0
"4334",7106818623,40.7859742,-73.9688537,4334,FALSE,FALSE,0,0
"4335",7106818626,40.7852965,-73.9693444,4335,FALSE,FALSE,0,0
"4336",7106818627,40.786605,-73.9683927,4336,FALSE,FALSE,0,0
"4337",7132405535,40.7159184,-73.9993233,4337,FALSE,TRUE,0,0
"4338",7132405537,40.7152927,-74.0007903,4338,FALSE,TRUE,0,0
"4339",7132405547,40.7162,-74.000138,4339,FALSE,TRUE,0,0
"4340",7132405548,40.7139391,-73.9995713,4340,FALSE,TRUE,0,0
"4341",7132814246,40.8414195,-73.9394511,4341,FALSE,FALSE,0,0
"4342",7137281959,40.7370745,-73.9748309,4342,FALSE,TRUE,0,0
"4343",7137281963,40.737103,-73.9750826,4343,FALSE,TRUE,50,0
"4344",7147636389,40.7309615,-73.9739374,4344,FALSE,TRUE,0,0
"4345",7280430895,40.7614359,-73.9978497,4345,FALSE,TRUE,0,0
"4346",7320943370,40.7915137,-73.9366136,4346,FALSE,FALSE,0,0
"4347",7372860100,40.7432751,-73.9883247,4347,FALSE,TRUE,0,0
"4348",7443621689,40.7712271,-73.9935659,4348,FALSE,TRUE,0,0
"4349",7476387556,40.7175217,-73.9858682,4349,FALSE,TRUE,0,0
"4350",7476469426,40.7122116,-73.9807107,4350,FALSE,TRUE,0,0
"4351",7476968854,40.7130206,-74.0008309,4351,FALSE,TRUE,0,0
"4352",7476968855,40.7130782,-74.0008317,4352,FALSE,TRUE,0,0
"4353",7480301864,40.7229037,-73.9887754,4353,FALSE,TRUE,0,0
"4354",7480301865,40.7230079,-73.9887119,4354,FALSE,TRUE,0,0
"4355",7480301866,40.7228463,-73.9885922,4355,FALSE,TRUE,0,57
"4356",7480301986,40.7140532,-73.990218,4356,FALSE,TRUE,0,0
"4357",7480301987,40.7143695,-73.9928102,4357,FALSE,TRUE,0,0
"4358",7480346927,40.714701,-73.9928559,4358,FALSE,TRUE,0,0
"4359",7480410410,40.7153524,-73.9934014,4359,FALSE,TRUE,0,0
"4360",7491182055,40.8222735,-73.9562099,4360,FALSE,FALSE,0,0
"4361",7491182059,40.82357,-73.9554447,4361,FALSE,FALSE,0,0
"4362",7491225319,40.8217442,-73.9568342,4362,FALSE,FALSE,0,0
"4363",7499263656,40.7143755,-73.981322,4363,FALSE,TRUE,0,0
"4364",7500756892,40.7174266,-73.9829775,4364,FALSE,TRUE,0,0
"4365",7541804760,40.8121376,-73.9359166,4365,FALSE,FALSE,0,0
"4366",7541804761,40.8127563,-73.9376408,4366,FALSE,FALSE,0,0
"4367",7541804762,40.8120958,-73.9360803,4367,FALSE,FALSE,0,0
"4368",7552138519,40.7190179,-73.9804466,4368,FALSE,TRUE,0,0
"4369",7598970693,40.8120077,-73.9550848,4369,FALSE,FALSE,0,0
"4370",7612925053,40.717694,-73.9860372,4370,FALSE,TRUE,0,0
"4371",7616585434,40.8115063,-73.9364361,4371,FALSE,FALSE,0,0
"4372",7616688918,40.817536,-73.9607211,4372,FALSE,FALSE,0,0
"4373",7620445877,40.8033426,-73.9528149,4373,FALSE,FALSE,0,0
"4374",7620540917,40.8113373,-73.9639549,4374,FALSE,FALSE,0,0
"4375",7620631148,40.82116,-73.9574917,4375,FALSE,FALSE,0,0
"4376",7641820943,40.8017651,-73.9312131,4376,FALSE,FALSE,0,0
"4377",7732243546,40.8047086,-73.9582478,4377,FALSE,FALSE,0,0
"4378",7732243558,40.8102667,-73.9529549,4378,FALSE,FALSE,0,0
"4379",7732243565,40.8100675,-73.9530244,4379,FALSE,FALSE,0,0
"4380",7732243573,40.8146523,-73.9362392,4380,FALSE,FALSE,0,0
"4381",7732243576,40.8116473,-73.9348857,4381,FALSE,FALSE,0,0
"4382",7732551670,40.8160871,-73.9621672,4382,FALSE,FALSE,0,0
"4383",7732571885,40.813975,-73.9621943,4383,FALSE,FALSE,0,0
"4384",7732571914,40.8170071,-73.9594934,4384,FALSE,FALSE,0,0
"4385",7732571915,40.8170513,-73.9595343,4385,FALSE,FALSE,0,0
"4386",7732571917,40.8181374,-73.9602771,4386,FALSE,FALSE,0,0
"4387",7732653969,40.8187602,-73.9559061,4387,FALSE,FALSE,0,0
"4388",7732653970,40.8188507,-73.9561236,4388,FALSE,FALSE,0,0
"4389",7732653971,40.8193913,-73.9554594,4389,FALSE,FALSE,0,0
"4390",7732654931,40.8163681,-73.9579439,4390,FALSE,FALSE,0,0
"4391",7732654932,40.8169788,-73.9574823,4391,FALSE,FALSE,0,0
"4392",7777321715,40.7922463,-73.9441827,4392,FALSE,FALSE,0,0
"4393",7785782284,40.8054609,-73.9677213,4393,FALSE,FALSE,0,0
"4394",7801840675,40.7961189,-73.9614548,4394,FALSE,FALSE,0,0
"4395",7802856341,40.7730391,-73.978289,4395,FALSE,TRUE,0,0
"4396",7802856349,40.7736592,-73.9778345,4396,FALSE,TRUE,0,0
"4397",7802856352,40.7724211,-73.9787387,4397,FALSE,TRUE,0,0
"4398",7802856356,40.7749199,-73.9769198,4398,FALSE,TRUE,0,0
"4399",7802856365,40.7717854,-73.9792016,4399,FALSE,TRUE,0,0
"4400",7802856372,40.774293,-73.9773736,4400,FALSE,TRUE,0,0
"4401",7907957252,40.8319585,-73.9505849,4401,FALSE,FALSE,0,0
"4402",7910052385,40.7958825,-73.9768851,4402,TRUE,FALSE,0,0
"4403",7911307251,40.8502315,-73.9431498,4403,FALSE,FALSE,0,0
"4404",7911307278,40.8504433,-73.9430999,4404,FALSE,FALSE,0,0
"4405",7912855687,40.7850603,-73.9828455,4405,FALSE,FALSE,0,0
"4406",7925143983,40.8013714,-73.9343366,4406,FALSE,FALSE,0,0
"4407",8122411159,40.7514108,-73.9780469,4407,FALSE,TRUE,0,0
"4408",8133385388,40.7604309,-73.9674577,4408,FALSE,TRUE,0,0
"4409",8262936580,40.7115948,-74.0084808,4409,FALSE,TRUE,0,0
"4410",8262936586,40.7113856,-74.0082065,4410,FALSE,TRUE,0,0
"4411",8288270047,40.744116,-74.0085554,4411,FALSE,TRUE,112,0
"4412",8316781084,40.8461551,-73.9317027,4412,FALSE,FALSE,0,0
"4413",8344404000,40.8404944,-73.9401219,4413,FALSE,FALSE,0,0
"4414",8344404001,40.8405794,-73.9402787,4414,FALSE,FALSE,0,0
"4415",8482948064,40.7438832,-73.9815498,4415,FALSE,TRUE,0,0
"4416",8648032265,40.7293914,-74.0057654,4416,FALSE,TRUE,0,0
"4417",8648032268,40.7293021,-74.0052199,4417,FALSE,TRUE,0,0
"4418",8677891126,40.7471427,-73.9758231,4418,FALSE,TRUE,0,0
"4419",8828140387,40.7797691,-73.9443667,4419,FALSE,FALSE,0,0
"4420",8840333846,40.7115277,-74.0104404,4420,FALSE,TRUE,52,0
"4421",8840333851,40.7120585,-74.0101209,4421,FALSE,TRUE,0,0
"4422",8904913030,40.8590785,-73.9314426,4422,FALSE,FALSE,0,0
"4423",8913108828,40.7438675,-74.0032868,4423,FALSE,TRUE,0,0
"4424",8996353563,40.7204443,-74.0033253,4424,FALSE,TRUE,0,0
"4425",9019680388,40.7608084,-73.9982421,4425,FALSE,TRUE,0,0
"4426",9019680389,40.7601279,-73.9987232,4426,FALSE,TRUE,0,0
"4427",9019680390,40.7595007,-73.9991474,4427,FALSE,TRUE,0,0
"4428",9094916641,40.8216922,-73.9586191,4428,FALSE,FALSE,0,0
"4429",9121386334,40.7131054,-74.0040125,4429,FALSE,TRUE,0,0
"4430",9121386338,40.7136604,-74.003649,4430,FALSE,TRUE,0,0
"4431",9140654137,40.7521935,-73.9776193,4431,FALSE,TRUE,0,0
"4432",9140924713,40.7700061,-73.9947818,4432,FALSE,TRUE,0,0
"4433",9143542440,40.7502671,-73.9986254,4433,FALSE,TRUE,0,0
"4434",9150629570,40.825397,-73.9362364,4434,FALSE,FALSE,0,0
"4435",9153702893,40.8056191,-73.9344127,4435,FALSE,FALSE,0,0
"4436",9166033061,40.7221638,-73.9863339,4436,FALSE,TRUE,0,0
"4437",9166033062,40.7222849,-73.9862671,4437,FALSE,TRUE,0,0
"4438",9166213997,40.8513693,-73.9412291,4438,FALSE,FALSE,0,0
"4439",9168918373,40.7972178,-73.9756094,4439,FALSE,FALSE,0,0
"4440",9170816531,40.7728902,-73.9821074,4440,FALSE,TRUE,0,0
"4441",9170816532,40.772973,-73.9820473,4441,FALSE,TRUE,0,0
"4442",9177424867,40.7778034,-73.9821832,4442,FALSE,FALSE,0,0
"4443",9177424868,40.7779122,-73.982096,4443,FALSE,FALSE,0,0
"4444",9177540204,40.7605454,-73.9672227,4444,FALSE,TRUE,0,0
"4445",9181525951,40.7077036,-74.0155138,4445,FALSE,TRUE,0,0
"4446",9338511504,40.859313,-73.9342479,4446,FALSE,FALSE,0,0
"4447",9410604941,40.7071569,-74.0153067,4447,FALSE,TRUE,0,0
"4448",9421657722,40.7593214,-73.9989285,4448,FALSE,TRUE,0,0
"4449",9421943093,40.7571762,-73.9993866,4449,FALSE,TRUE,0,0
"4450",9469550700,40.7488085,-73.9996857,4450,FALSE,TRUE,0,62
"4451",9469550701,40.747566,-74.0005949,4451,FALSE,TRUE,0,0
"4452",9490559521,40.8009701,-73.9317759,4452,FALSE,FALSE,0,0
"4453",9515699765,40.815168,-73.9585365,4453,FALSE,FALSE,0,0
"4454",9561566543,40.8638633,-73.9193764,4454,FALSE,FALSE,0,0
"4455",9563435886,40.8609294,-73.9215062,4455,FALSE,FALSE,0,0
"4456",9563662424,40.8643512,-73.9190306,4456,FALSE,FALSE,0,0
"4457",9563769790,40.8515311,-73.9390988,4457,FALSE,FALSE,0,0
"4458",9566822907,40.8311923,-73.9513367,4458,FALSE,FALSE,0,0
"4459",9566822912,40.8312537,-73.9510744,4459,FALSE,FALSE,0,0
"4460",9566938928,40.8493337,-73.9390416,4460,FALSE,FALSE,0,0
"4461",9607729579,40.7298235,-74.0104866,4461,FALSE,TRUE,0,0
"4462",9609713318,40.7291265,-74.0107686,4462,FALSE,TRUE,0,0
"4463",9611529610,40.7257225,-74.0112014,4463,FALSE,TRUE,0,0
"4464",9611529611,40.7251604,-74.0110551,4464,FALSE,TRUE,0,0
"4465",9657487789,40.7434331,-74.0034792,4465,FALSE,TRUE,0,0
"4466",9657516446,40.747126,-74.0007794,4466,FALSE,TRUE,0,0
"4467",9774113889,40.7417075,-74.0012002,4467,FALSE,TRUE,0,0
"4468",9802614798,40.7079294,-74.0162175,4468,FALSE,TRUE,0,0
"4469",9802614802,40.7081012,-74.0166595,4469,FALSE,TRUE,0,0
"4470",9807801426,40.7553161,-73.9949943,4470,FALSE,TRUE,0,0
"4471",9906953435,40.76527,-73.9540564,4471,FALSE,FALSE,0,0
"4472",9906966855,40.7130646,-73.9776047,4472,FALSE,TRUE,0,0
"4473",9908501348,40.8474401,-73.9294477,4473,TRUE,FALSE,0,0
"4474",9915469769,40.7760616,-73.9893412,4474,FALSE,FALSE,0,0
"4475",9971300853,40.7543104,-73.9973473,4475,FALSE,TRUE,0,0
"4476",10128931543,40.8206298,-73.9584715,4476,FALSE,FALSE,0,0
"4477",10128931544,40.8203839,-73.9579057,4477,FALSE,FALSE,0,0
"4478",10282972213,40.7132206,-74.0111434,4478,TRUE,TRUE,0,0
"4479",10316226053,40.7058049,-74.0133569,4479,FALSE,TRUE,0,0
"4480",10792226610,40.7516771,-74.0000281,4480,FALSE,TRUE,0,0
"4481",10853807645,40.7244946,-74.0069155,4481,FALSE,TRUE,0,0
"4482",10858288590,40.7570689,-74.0050314,4482,FALSE,TRUE,0,0
"4483",11002109566,40.7035808,-74.0115938,4483,FALSE,TRUE,0,0
"4484",11017186435,40.7679993,-73.995756,4484,FALSE,TRUE,0,0
"4485",11017186436,40.767453,-73.9964256,4485,FALSE,TRUE,0,0
"4486",11017186437,40.7667421,-73.9966708,4486,FALSE,TRUE,0,0
"4487",11017186444,40.7692548,-73.9948467,4487,FALSE,TRUE,0,0
"4488",11017187935,40.7662041,-73.9973383,4488,FALSE,TRUE,0,0
"4489",11017187936,40.7654893,-73.997582,4489,FALSE,TRUE,0,0
"4490",11017187937,40.7642347,-73.9984938,4490,FALSE,TRUE,0,0
"4491",11027819091,40.7423241,-74.0086893,4491,FALSE,TRUE,0,0
"4492",11027912161,40.7431307,-74.0087415,4492,FALSE,TRUE,0,0
"4493",11027912164,40.7453865,-74.0081247,4493,FALSE,TRUE,0,0
"4494",11038072103,40.7112481,-73.9847427,4494,FALSE,TRUE,0,0
"4495",11038072104,40.7117109,-73.9848963,4495,FALSE,TRUE,0,0
"4496",11038072433,40.714972,-73.9833262,4496,FALSE,TRUE,0,0
"4497",11038072465,40.7151841,-73.9842712,4497,FALSE,TRUE,0,0
"4498",11038072541,40.7159286,-73.9867312,4498,FALSE,TRUE,0,0
"4499",11049420899,40.7447567,-74.0084392,4499,FALSE,TRUE,0,0
"4500",11062719791,40.7364599,-74.0011844,4500,FALSE,TRUE,0,0
"4501",11252642361,40.7593314,-73.9987281,4501,FALSE,TRUE,0,0
"4502",11337295598,40.7491249,-73.9745165,4502,FALSE,TRUE,0,0
"4503",11337295601,40.7494918,-73.9753877,4503,FALSE,TRUE,0,0
"4504",11337295604,40.7514503,-73.9760478,4504,FALSE,TRUE,0,0
"4505",11337295608,40.7507646,-73.9744575,4505,FALSE,TRUE,0,0
